
-- tienda
INSERT INTO game.tienda (codigo,ciudad,direccion) VALUES
	 (1,'Alcalá de Guadaíra','A92, 41500 Alcalá de Guadaíra, Sevilla'),
	 (2,'Tomares','Av. Castilleja de la Cuesta, s/n, 41950 Tomares'),
	 (3,'Sevilla','Calle Gonzalo Jimenez de Quesada, C.C. TORRESEVILLA, 2, 41092 Sevilla'),
	 (4,'Sevilla','C.C. Los Arcos, Av. de Andalucía, s/n, 41007 Sevilla'),
	 (5,'Sevilla','Ronda Urbana Nte, S/N, 41020 Sevilla'),
	 (6,'Camas','C.C. Aljarafe, C. Poeta Muñoz San Román, 41900 Camas, Sevilla'),
	 (7,'Mairena del Aljarafe','Av. de los Descubrimientos, S/N, Local 17, 41927 Mairena del Aljarafe, Sevilla');

-- empleado
INSERT INTO game.empleado (codigo,nif,nombre,apellido1,apellido2,codigo_tienda) VALUES
	 (1,'708525970','Luce','Callicott','Skentelbury',1),
	 (2,'564715061','Alexandre','Foddy','Ellerker',2),
	 (3,'207411136','Hilly','Pallas','Carsey',3),
	 (4,'116529847','Marne','MacRury','Bromont',4),
	 (5,'596992050','Drusy','Busher','Heakins',5),
	 (6,'750561434','Willi','Hegerty','Redon',6),
	 (7,'310813804','Lucio','Porkiss','Reyna',7),
	 (8,'777620017','Willem','Mucklow','Pottes',1),
	 (9,'824389363','Sosanna','McQueen','Sheerman',2),
	 (10,'812642147','Cammy','Cherrie','Drayton',3);
INSERT INTO game.empleado (codigo,nif,nombre,apellido1,apellido2,codigo_tienda) VALUES
	 (11,'823289037','Vittoria','Pepi','Greystoke',4),
	 (12,'591098237','Sumner','Spadazzi','Hannond',5),
	 (13,'129562604','Nancee','Body','Polhill',6),
	 (14,'616748979','Charlton','Guisot','Valek',7),
	 (15,'148326341','Stanford','Filipychev','Springett',1),
	 (16,'582209448','Mignonne','Yakovliv','Parncutt',2),
	 (17,'446727162','Mathias','Forlong','Laytham',3),
	 (18,'142032430','Maje','Fellis','Leband',4),
	 (19,'392310939','Amitie','Chatan','Ovendale',5),
	 (20,'877035804','Carmella','Thrush','Zavattiero',6);
INSERT INTO game.empleado (codigo,nif,nombre,apellido1,apellido2,codigo_tienda) VALUES
	 (21,'735036107','Denni','Ros','Wabb',7),
	 (22,'358557970','Laurella','Zmitrovich','Samuel',1),
	 (23,'702607360','Frayda','Blacket','Ilden',2),
	 (24,'243048903','Law','Kitchingman','Bonaire',3),
	 (25,'699671059','Teddy','Brownsey','Prewett',4),
	 (26,'447545709','Jacquelynn','Chasier','Veschambes',5),
	 (27,'261914908','Martin','Roloff','Kingwell',6),
	 (28,'388130816','Oran','Edkins','Chappelow',7),
	 (29,'814396496','Mechelle','Brantzen','Castagnier',1),
	 (30,'409743926','Merrill','Chisman','Cabrales',2);
INSERT INTO game.empleado (codigo,nif,nombre,apellido1,apellido2,codigo_tienda) VALUES
	 (31,'836165318','Rodrique','Phidgin','Deane',3),
	 (32,'754120174','Jeth','Meo','Kirley',4),
	 (33,'759239776','Hermy','Reford','Horrell',5),
	 (34,'502061674','Xaviera','Alred','Speakman',6),
	 (35,'443703258','Randene','Windless','Pollastro',7),
	 (36,'493171205','Chris','Wilkennson','Baert',1),
	 (37,'197847887','Chloris','Le Gallo','Swyn',2),
	 (38,'129098157','Cinderella','Eschelle','Craigg',3),
	 (39,'780162880','Jim','Mettricke','Patience',4),
	 (40,'697638431','Roxane','Ceely','Reedman',5);
INSERT INTO game.empleado (codigo,nif,nombre,apellido1,apellido2,codigo_tienda) VALUES
	 (41,'395106203','Terrance','Olechnowicz','Feek',6),
	 (42,'832936967','Andi','Levay','Bail',7),
	 (43,'787546352','Bearnard','Dunphy','Townsley',1),
	 (44,'477080991','Hayyim','Jakab','Lawrenz',2),
	 (45,'266974905','Fawn','Roffe','Biffin',3),
	 (46,'188023396','Lezley','Burridge','Tanby',4),
	 (47,'780619368','Auroora','Breckon','Picheford',5),
	 (48,'890996476','Bartlet','Dreini','Karppi',6),
	 (49,'516783699','Clark','Choppen','Mohan',7),
	 (50,'146950834','Rozele','Sawell','Swanton',1);
INSERT INTO game.empleado (codigo,nif,nombre,apellido1,apellido2,codigo_tienda) VALUES
	 (51,'620307455','Shandra','Dalgetty','Tindall',2),
	 (52,'655650387','Riane','Humerstone','Scobbie',3),
	 (53,'267230399','Kamilah','Scrine','Adhams',4),
	 (54,'376855177','Helena','Milesop','Lehr',5),
	 (55,'642057023','Marve','Cromblehome','Gammell',6),
	 (56,'138631195','Alon','Goodlatt','Calton',7),
	 (57,'511163291','Janine','Wraith','Scarth',1),
	 (58,'315136864','Ambrosi','Palin','Spencers',2),
	 (59,'816693687','George','Stapylton','Donkersley',3),
	 (60,'634021019','Lee','Dooly','Betty',4);
INSERT INTO game.empleado (codigo,nif,nombre,apellido1,apellido2,codigo_tienda) VALUES
	 (61,'497534424','Meredithe','Brannon','Itzakson',5),
	 (62,'771217732','Cointon','Woodnutt','Meriet',6),
	 (63,'154519556','Jaime','Wicklin','Wooton',7),
	 (64,'663207832','Hoebart','Crombie','Matejka',1),
	 (65,'260916989','Noreen','Ivain','Thickett',2),
	 (66,'479159122','Jorgan','Robarts','Haveline',3),
	 (67,'585783523','Truman','Arling','Crissil',4),
	 (68,'528333557','Timoteo','Sanches','Barbisch',5),
	 (69,'102119764','Westleigh','McCrossan','McQuaker',6),
	 (70,'598492457','Willem','Lodwig','Brunnstein',7);
INSERT INTO game.empleado (codigo,nif,nombre,apellido1,apellido2,codigo_tienda) VALUES
	 (71,'380128672','Kellby','Tithecote','Kick',1),
	 (72,'513855838','Marlo','Blevin','Abramow',2),
	 (73,'703918706','Barbabra','Lesly','Corderoy',3),
	 (74,'192808934','Cosme','Hurley','Bohills',4),
	 (75,'459855366','Ruthe','Anthona','Culpin',5),
	 (76,'350960226','Diannne','Lafont','Ransome',6),
	 (77,'339523077','Peadar','Whaites','Benes',7),
	 (78,'784379154','Marcy','Vacher','Lysons',1),
	 (79,'179114823','Pieter','Etter','Itschakov',2),
	 (80,'302011889','Sharleen','Wahlberg','Loche',3);
INSERT INTO game.empleado (codigo,nif,nombre,apellido1,apellido2,codigo_tienda) VALUES
	 (81,'207902706','Gipsy','Izacenko','Melross',4),
	 (82,'868814960','Luz','Orta','MacPherson',5),
	 (83,'568844086','Pia','Height','O''Connell',6),
	 (84,'600419686','Demetria','Chiverstone','Jevons',7),
	 (85,'507413736','Imojean','Gorini','Di Giacomettino',1),
	 (86,'815621975','Shaw','Jancic','Gwin',2),
	 (87,'235774183','Juieta','Standering','Pauwel',3),
	 (88,'333036871','Phip','Predohl','MacNeillie',4),
	 (89,'187992213','Wallie','Elstub','Watkiss',5),
	 (90,'295604968','Ursola','Fermin','Pennycuick',6);
INSERT INTO game.empleado (codigo,nif,nombre,apellido1,apellido2,codigo_tienda) VALUES
	 (91,'417758741','Ardenia','Branscomb','Giroldi',7),
	 (92,'795383587','Desmond','Hamper','Chevis',1),
	 (93,'185134469','Porter','Gisburne','Ancliff',2),
	 (94,'789672944','Trixi','Cranmere','Shedden',3),
	 (95,'181347496','Adan','Benzies','Acey',4),
	 (96,'233447757','Sigmund','Dauber','Trethewey',5),
	 (97,'517774655','Yehudit','Hencke','Lerwell',6),
	 (98,'374675723','Jareb','Liddiard','Abells',7),
	 (99,'642032643','Townie','Reskelly','Sell',1),
	 (100,'733954094','Margaux','Alesio','Andrieu',2);
INSERT INTO game.empleado (codigo,nif,nombre,apellido1,apellido2,codigo_tienda) VALUES
	 (101,'126355711','Britteny','O'' Faherty','Hubbart',3),
	 (102,'860254783','Penelope','Bartosik','Malicki',4),
	 (103,'868269387','Mychal','Ajsik','Vassano',5),
	 (104,'527946684','Zita','Wakerley','Cariss',6),
	 (105,'472777235','Violante','Spohr','Scallan',7),
	 (106,'295690551','Jessy','Haslock','Ebbage',1),
	 (107,'620214266','Benjy','McCritichie','Pimmocke',2),
	 (108,'610112115','Betteann','Fittes','Bilfoot',3),
	 (109,'100349036','Damien','Gaine of England','Possek',4),
	 (110,'743470260','Darcy','Covell','Islip',5);
INSERT INTO game.empleado (codigo,nif,nombre,apellido1,apellido2,codigo_tienda) VALUES
	 (111,'100935578','Brnaba','Chamberlain','Mainston',6),
	 (112,'266504694','Ursulina','Wooland','Aindrais',7),
	 (113,'560873007','Allyson','Greensall','Qualtro',1),
	 (114,'249888351','Nertie','Bossel','Baldree',2),
	 (115,'579114984','Benetta','Tinman','Pilch',3),
	 (116,'412329725','Zenia','Bugge','Blease',4),
	 (117,'884328180','Aimil','Gartan','Dreossi',5),
	 (118,'859332014','Ilyse','Pinching','Nehlsen',6),
	 (119,'537600528','Bennett','Wilsdon','Chaffyn',7),
	 (120,'228238698','Alexa','Stockwell','Rivers',1);
INSERT INTO game.empleado (codigo,nif,nombre,apellido1,apellido2,codigo_tienda) VALUES
	 (121,'229243432','Chiquita','Carrabott','Djakovic',2),
	 (122,'194836479','Hal','Moule','Lanfer',3),
	 (123,'455506270','Pavia','Madine','Martinho',4),
	 (124,'509177760','Flossy','Luetkemeyers','Spitaro',5),
	 (125,'712544743','Shurlocke','Milesap','Kington',6),
	 (126,'777421784','Eudora','Bushen','Provost',7),
	 (127,'278625223','Melisenda','Eason','Furze',1),
	 (128,'609914500','Olive','Weinham','Calrow',2),
	 (129,'652823980','Demetris','Sarl','Pfeffer',3),
	 (130,'353796392','Jerad','Larkin','De Goey',4);
INSERT INTO game.empleado (codigo,nif,nombre,apellido1,apellido2,codigo_tienda) VALUES
	 (131,'896434710','Skip','Doughty','Benardet',5),
	 (132,'352124257','Brendan','Ancketill','Vicker',6),
	 (133,'230953392','Murray','Earl','Christmas',7),
	 (134,'665228905','Arnoldo','Fonzo','Duffield',1),
	 (135,'697771949','Philippa','Cordero','Bartunek',2),
	 (136,'724249124','Estrellita','Spitell','Stoad',3),
	 (137,'411204348','Gustie','Such','de Guerre',4),
	 (138,'688243004','Pavel','Hastings','Bartholomaus',5),
	 (139,'872624963','Liva','Tripet','Brownsmith',6),
	 (140,'421270092','Harley','Gwatkin','Yeiles',7);
INSERT INTO game.empleado (codigo,nif,nombre,apellido1,apellido2,codigo_tienda) VALUES
	 (141,'479417714','Kipper','Emblow','Fee',1),
	 (142,'265974772','Fabiano','Spottswood','Doale',2),
	 (143,'299251361','Wini','Wickey','Duckers',3),
	 (144,'781519392','Genni','Lethbridge','Kalaher',4),
	 (145,'255200870','Davidson','Venny','Jewis',5),
	 (146,'705899330','Connor','Sherrott','Larwell',6),
	 (147,'306564080','Maison','Sate','Wardle',7),
	 (148,'493699999','Ervin','SandsAllan','Hourican',1),
	 (149,'590335576','Davida','Doyle','Croom',2),
	 (150,'846346822','Holly','Mangenet','Litherborough',3);
INSERT INTO game.empleado (codigo,nif,nombre,apellido1,apellido2,codigo_tienda) VALUES
	 (151,'768556791','Opal','Furmston','Kalinovich',4),
	 (152,'485315457','Garvy','Talboy','Cheng',5),
	 (153,'418989539','Camala','McKelloch','Attarge',6),
	 (154,'656287148','Bettye','Norewood','Brabender',7),
	 (155,'323253575','Leesa','Troop','Danat',1),
	 (156,'798647811','Pen','Storch','Scherer',2),
	 (157,'438197573','Ermentrude','Wellwood','Keeffe',3),
	 (158,'381983619','Janenna','O''Loghlen','Toffanelli',4),
	 (159,'613447348','Maryellen','Puller','Simoncello',5),
	 (160,'544052417','Gothart','Flaverty','Masdon',6);
INSERT INTO game.empleado (codigo,nif,nombre,apellido1,apellido2,codigo_tienda) VALUES
	 (161,'736074597','Onida','Stannett','Lante',7),
	 (162,'740907698','La verne','Ditt','Corbitt',1),
	 (163,'739527764','Griswold','Granleese','Pinckstone',2),
	 (164,'247882886','Kali','Blaksley','Sewell',3),
	 (165,'477864988','Renado','Waliszek','Forrester',4),
	 (166,'331968113','Joanne','Perry','Pritchitt',5),
	 (167,'415576567','Titus','Dallimore','Daens',6),
	 (168,'418326000','Trey','Theze','Yakobowitz',7),
	 (169,'288811426','Caspar','Loyndon','Cush',1),
	 (170,'830333276','Hollyanne','I''anson','Roycroft',2);
INSERT INTO game.empleado (codigo,nif,nombre,apellido1,apellido2,codigo_tienda) VALUES
	 (171,'871712926','Alard','Wilber','Prescott',3),
	 (172,'215514689','Britney','Armor','Carnegie',4),
	 (173,'504337193','Adah','Keese','Blowfield',5),
	 (174,'332010737','Jeannie','Beauly','Olyff',6),
	 (175,'388269422','Myrilla','Befroy','Braz',7),
	 (176,'325389355','Charo','Pavlenko','Matus',1),
	 (177,'568076278','Camille','Van der Velde','Ewins',2),
	 (178,'733949680','Cart','Graveston','Dimitriades',3),
	 (179,'346281268','Jessica','McPhee','Richter',4),
	 (180,'846381483','Barbabra','Humphris','Leborgne',5);
INSERT INTO game.empleado (codigo,nif,nombre,apellido1,apellido2,codigo_tienda) VALUES
	 (181,'774700279','Alicea','Izzett','Gration',6),
	 (182,'758508419','Christel','Starie','Trowl',7),
	 (183,'299197060','Gizela','Hammond','Burdoun',1),
	 (184,'741535259','Gregoire','Yanshin','Callingham',2),
	 (185,'416816455','Colette','Lakeman','Beves',3),
	 (186,'446126718','Fabe','Efford','Tamplin',4),
	 (187,'606885870','Verge','Joskowitz','Viccars',5),
	 (188,'710743364','Mildred','Harrisson','Jenk',6),
	 (189,'780334836','Athene','VanBrugh','Lacasa',7),
	 (190,'608729926','Berkie','Kivlehan','Clitsome',1);
INSERT INTO game.empleado (codigo,nif,nombre,apellido1,apellido2,codigo_tienda) VALUES
	 (191,'186970621','Royal','Chittie','Biggar',2),
	 (192,'101448890','Grier','Biggs','Tripean',3),
	 (193,'698034716','Antone','Urquhart','Oaks',4),
	 (194,'165121611','Tara','Baniard','Boreham',5),
	 (195,'510074433','Kelley','Beech','Ellul',6),
	 (196,'279830622','Jemima','Becerra','Gerding',7),
	 (197,'829785050','Cherye','Ceci','Klemenz',1),
	 (198,'715047098','Siffre','Gillies','Grioli',2),
	 (199,'648872362','Lauretta','Saph','Van Schafflaer',3),
	 (200,'490367201','Sher','Ayars','Kirsop',4);
INSERT INTO game.empleado (codigo,nif,nombre,apellido1,apellido2,codigo_tienda) VALUES
	 (201,'131998691','Heloise','Tanby','Prince',5),
	 (202,'546122780','Morganica','Bernier','Westcarr',6),
	 (203,'357231111','Cherise','Keme','Wanden',7),
	 (204,'761890562','Neala','Lamball','Souness',1),
	 (205,'406367012','Mendie','Clark','Benion',2),
	 (206,'740965469','Leone','Cake','Weepers',3),
	 (207,'845024812','Derward','Dellit','Dolligon',4),
	 (208,'306599483','Irena','Mitkov','Bernade',5),
	 (209,'665339005','Cindie','Butler','Lintill',6),
	 (210,'129663412','Daniele','Byrde','Allflatt',7);
INSERT INTO game.empleado (codigo,nif,nombre,apellido1,apellido2,codigo_tienda) VALUES
	 (211,'553679380','Bibi','Dancy','Fosken',1),
	 (212,'612535312','Allis','Jendrys','Ormonde',2),
	 (213,'208082560','Baldwin','Mustarde','Norsworthy',3),
	 (214,'731545671','Arlene','Downer','Papes',4),
	 (215,'705902193','Skippie','Scutchin','Peatt',5),
	 (216,'703266551','Cheryl','Frawley','Juleff',6),
	 (217,'169157331','Rabbi','Stear','Playden',7),
	 (218,'141843544','Christopher','Klaaassen','Dusey',1),
	 (219,'675299033','Imelda','Francklin','Lippitt',2),
	 (220,'411752111','Sissy','Chaffe','Whelan',3);
INSERT INTO game.empleado (codigo,nif,nombre,apellido1,apellido2,codigo_tienda) VALUES
	 (221,'443298101','Olivie','Oxtiby','Lakenden',4),
	 (222,'493114837','Salli','McArt','Peto',5),
	 (223,'507952725','Leonerd','Kiln','Llewellin',6),
	 (224,'560745433','Felisha','GraftonHerbert','Breewood',7),
	 (225,'776861226','King','Jotham','Meadowcroft',1),
	 (226,'661503905','Lisabeth','Leach','Parmley',2),
	 (227,'737077524','Magda','Ibbeson','Daybell',3),
	 (228,'490019941','Ferdie','McQuilliam','Gaspar',4),
	 (229,'266155793','Padget','Valti','Giroldi',5),
	 (230,'211202879','Carmita','Brickdale','Harradence',6);
INSERT INTO game.empleado (codigo,nif,nombre,apellido1,apellido2,codigo_tienda) VALUES
	 (231,'648429992','Austine','Leeman','Norgan',7),
	 (232,'553732573','Victor','Seabrooke','Annell',1),
	 (233,'315751940','Anders','Chaddock','Jindrich',2),
	 (234,'151480554','Kirbie','Birkby','Titcomb',3),
	 (235,'637941833','Randall','Korbmaker','Tolomelli',4),
	 (236,'390371172','Van','Dorgon','Gethins',5),
	 (237,'378226836','Vita','Du Hamel','Kirwan',6),
	 (238,'872223287','Zelma','Dominik','Pettus',7),
	 (239,'783372395','Maurise','Bloxham','Tattoo',1),
	 (240,'536600973','Carson','Ezzle','Kapiloff',2);
INSERT INTO game.empleado (codigo,nif,nombre,apellido1,apellido2,codigo_tienda) VALUES
	 (241,'890785539','Wilie','Janic','Harriagn',3),
	 (242,'394182197','Tibold','Frosdick','Benninck',4),
	 (243,'360910504','Bret','Townshend','Heckney',5),
	 (244,'310885580','Kristoffer','Sutcliffe','Krout',6),
	 (245,'874979923','Roxi','Lockyear','Tayspell',7),
	 (246,'463366556','Cherish','Thies','Heppner',1),
	 (247,'481636508','Jenny','Albasini','Lynd',2),
	 (248,'553079075','Staffard','Baignard','Chipperfield',3),
	 (249,'597966812','Kameko','Abramowsky','Jurca',4),
	 (250,'830019940','Locke','Broker','Boyington',5);
INSERT INTO game.empleado (codigo,nif,nombre,apellido1,apellido2,codigo_tienda) VALUES
	 (251,'808550053','Urban','Hatz','Skerme',6),
	 (252,'599550173','Antoni','Turmel','Dahlback',7),
	 (253,'226885969','Codie','Divers','More',1),
	 (254,'698611906','Marje','Kilner','Wallas',2),
	 (255,'806451682','Dianna','Rown','Bostick',3),
	 (256,'646586557','Dulci','Munehay','Blaes',4),
	 (257,'378474962','Donnie','Lucian','Bernardotti',5),
	 (258,'307106902','Enrico','Guerrero','Bravington',6),
	 (259,'354129303','Reidar','Demelt','Goodacre',7),
	 (260,'713233025','Lynnelle','Ramsier','Luther',1);
INSERT INTO game.empleado (codigo,nif,nombre,apellido1,apellido2,codigo_tienda) VALUES
	 (261,'486808889','Edeline','McGuckin','Vell',2),
	 (262,'702291509','Vivian','Obington','Sunter',3),
	 (263,'210540715','Ambrose','Leech','Eldrett',4),
	 (264,'622047612','Daffi','Teml','Smelley',5),
	 (265,'729479322','Samara','Fackrell','Borborough',6),
	 (266,'882774818','Winifred','Yarwood','LeEstut',7),
	 (267,'656085939','Eddie','Maccraw','Marley',1),
	 (268,'231810351','Rutherford','Monson','Dockery',2),
	 (269,'403416359','Jerrome','Crosham','Meaking',3),
	 (270,'410114156','Jessalin','Alwin','Morrallee',4);
INSERT INTO game.empleado (codigo,nif,nombre,apellido1,apellido2,codigo_tienda) VALUES
	 (271,'801384354','Marcelle','Fauguel','Munnings',5),
	 (272,'426067613','Clarance','Ciepluch','Petr',6),
	 (273,'738806348','Hedda','Barlie','Monery',7),
	 (274,'219073297','Giffard','Teggin','Oldroyd',1),
	 (275,'483565187','Nicole','Bowle','Mollett',2),
	 (276,'364994321','Guilbert','Gerault','Ishaki',3),
	 (277,'524408785','Corliss','Hazeldene','Kmiec',4),
	 (278,'708744304','Duff','Hoffmann','Breitler',5),
	 (279,'357765802','Violante','Delafoy','Bentick',6),
	 (280,'703170143','Sacha','Mogey','Eby',7);
INSERT INTO game.empleado (codigo,nif,nombre,apellido1,apellido2,codigo_tienda) VALUES
	 (281,'188881250','Koralle','Fripp','McLanachan',1),
	 (282,'353175969','Marguerite','Dytham','Methringham',2),
	 (283,'347814398','Heidi','Dener','Starsmore',3),
	 (284,'159065993','Clark','Joscelyne','Seaking',4),
	 (285,'888530400','Almeta','Blampied','Braksper',5),
	 (286,'289093551','Giffie','Francescuzzi','Tuffield',6),
	 (287,'845175273','Anallese','Jahns','Chatteris',7),
	 (288,'435835918','Valencia','Boothman','Hubberstey',1),
	 (289,'464301913','Katie','Eddies','Edlin',2),
	 (290,'359422180','Krissy','Taffrey','Gudgeon',3);
INSERT INTO game.empleado (codigo,nif,nombre,apellido1,apellido2,codigo_tienda) VALUES
	 (291,'294033985','Edin','Danielczyk','Peppard',4),
	 (292,'103093242','Eugen','Rehorek','McCuthais',5),
	 (293,'604971670','Terrel','Switzer','Endicott',6),
	 (294,'443601868','Berny','Kean','Crates',7),
	 (295,'828159595','Elyssa','MacCambridge','Tydd',1),
	 (296,'796287754','Dominic','Shier','Desson',2),
	 (297,'242162663','Noellyn','Ivantsov','Leacock',3),
	 (298,'197701672','Fletch','Citrine','Crim',4),
	 (299,'235602008','Reena','Ather','Simonian',5),
	 (300,'138050388','Sella','Elwyn','Fudge',6);
INSERT INTO game.empleado (codigo,nif,nombre,apellido1,apellido2,codigo_tienda) VALUES
	 (301,'885698881','Dinah','Telling','Huskinson',7),
	 (302,'141155767','Tedie','Shakesbye','Althorp',1),
	 (303,'761271816','Lorilyn','Abrahmson','Swaile',2),
	 (304,'689525204','Tedda','Arthars','Parrish',3),
	 (305,'849510205','Brigham','Frusher','Mitkcov',4),
	 (306,'336952299','Emelda','Hise','Bythell',5),
	 (307,'175490349','Virgie','Josskoviz','Espinet',6),
	 (308,'181564499','Lana','Pilley','Kroon',7),
	 (309,'290526937','Carin','Start','Filpi',1),
	 (310,'676387175','Brook','Lerner','Buckston',2);
INSERT INTO game.empleado (codigo,nif,nombre,apellido1,apellido2,codigo_tienda) VALUES
	 (311,'563624585','Gene','Delafont','Chilcotte',3),
	 (312,'581276429','Cullin','McFade','Baswall',4),
	 (313,'599097536','Hunter','Kiddy','Mingard',5),
	 (314,'348374857','Hubey','Pellington','De Caroli',6),
	 (315,'334039435','Decca','Nelissen','Drakes',7),
	 (316,'582560574','Gloriane','Mumby','Reihill',1),
	 (317,'659067002','Mabel','Chmiel','MacIlraith',2),
	 (318,'728901137','Libbi','Yankov','O''Loghlen',3),
	 (319,'230450913','Allyson','Vyel','Gosdin',4),
	 (320,'793675482','Tisha','Albone','Forward',5);
INSERT INTO game.empleado (codigo,nif,nombre,apellido1,apellido2,codigo_tienda) VALUES
	 (321,'758750911','Adan','Jendrusch','Housley',6),
	 (322,'429679702','Aldo','Melmar','Pancoust',7),
	 (323,'451086530','Ricki','Groocock','Schimaschke',1),
	 (324,'758567778','Lynnette','Wais','Cholwell',2),
	 (325,'175790654','Clem','Cawthorne','Bretland',3),
	 (326,'272365289','Ealasaid','Niemiec','Brient',4),
	 (327,'288566984','Reese','Genge','Nasey',5),
	 (328,'430479036','Gabriele','Jordine','McKeurton',6),
	 (329,'431039590','Antonietta','Tharme','Breen',7),
	 (330,'590072694','Sherrie','Easun','Aslott',1);
INSERT INTO game.empleado (codigo,nif,nombre,apellido1,apellido2,codigo_tienda) VALUES
	 (331,'140791723','Harlan','Gebhardt','Litt',2),
	 (332,'592416091','Jamill','Pask','Pringer',3),
	 (333,'521852727','Bertina','Cowell','Ditty',4),
	 (334,'290772415','Allie','Schuh','Cohen',5),
	 (335,'562903594','Vikky','Berwick','Durgan',6),
	 (336,'726874139','Bertrand','Wye','Ioannou',7),
	 (337,'601337851','Alexa','Benda','Ramage',1),
	 (338,'526522174','Axe','Tissell','Skudder',2),
	 (339,'374557228','Bidget','McAnulty','Blunsen',3),
	 (340,'456225740','Geoffrey','Perutto','Abrahamson',4);
INSERT INTO game.empleado (codigo,nif,nombre,apellido1,apellido2,codigo_tienda) VALUES
	 (341,'422278479','Joel','Pinson','Boyse',5),
	 (342,'780585123','Gwenneth','De Mico','Fishbourne',6),
	 (343,'857706060','Cyb','Rechert','Whatman',7),
	 (344,'755732241','Nola','Murra','O''Loughlin',1),
	 (345,'345942374','Beverlie','Oakeshott','Van Arsdall',2),
	 (346,'418724612','Urson','McGriffin','Stables',3),
	 (347,'113116354','Elisha','Jobe','Colliford',4),
	 (348,'494400725','Jaimie','Veldman','Lembke',5),
	 (349,'404404042','Ailina','Madden','Winkett',6),
	 (350,'241855297','Charlean','Boydon','MacDavitt',7);
INSERT INTO game.empleado (codigo,nif,nombre,apellido1,apellido2,codigo_tienda) VALUES
	 (351,'194347711','Jessee','Thiem','Kempe',1),
	 (352,'127815598','Dale','Howchin','Dries',2),
	 (353,'259136792','Vidovic','Chalfant','Gosforth',3),
	 (354,'214911129','Maximilien','Cafferty','Abramovicz',4),
	 (355,'547390426','Avram','Ruck','Dearnly',5),
	 (356,'807391094','Neala','Libreros','Hauch',6),
	 (357,'632924016','Phebe','Ashfull','Rawstron',7),
	 (358,'122245818','Alice','Jiruch','Thayre',1),
	 (359,'488750577','Elke','Besemer','Darwood',2),
	 (360,'568244516','Amalea','Scoggans','Taye',3);
INSERT INTO game.empleado (codigo,nif,nombre,apellido1,apellido2,codigo_tienda) VALUES
	 (361,'291918069','Koral','Lowrey','Kill',4),
	 (362,'258569239','Belvia','Coleshill','Wissbey',5),
	 (363,'416591106','Lorraine','Marven','Baine',6),
	 (364,'640857529','Jordon','Fowells','Niese',7),
	 (365,'696522398','Richardo','Bediss','Kalisch',1),
	 (366,'306368889','Fields','Hartill','Albers',2),
	 (367,'679768343','Emmet','Lightman','Hesey',3),
	 (368,'161097247','Zachery','Haswell','Saphir',4),
	 (369,'529903276','Barron','O''Hdirscoll','Rake',5),
	 (370,'190888180','Leighton','Jellicorse','Keegan',6);
INSERT INTO game.empleado (codigo,nif,nombre,apellido1,apellido2,codigo_tienda) VALUES
	 (371,'125441748','Elka','St. Aubyn','Braizier',7),
	 (372,'155605842','Davine','Dorsett','Sabben',1),
	 (373,'460258916','Elmira','Aaronson','Joly',2),
	 (374,'428601570','Austin','Pincked','Crimpe',3),
	 (375,'858782479','Zulema','Kubyszek','Beels',4),
	 (376,'113656577','Guinevere','Snowdon','Heinl',5),
	 (377,'548822867','Grete','Yitzovicz','Cliss',6),
	 (378,'599753587','Liva','Portt','Barry',7),
	 (379,'599454262','Sadie','Mustarde','Morphey',1),
	 (380,'286165650','Jan','Raoux','Dallemore',2);
INSERT INTO game.empleado (codigo,nif,nombre,apellido1,apellido2,codigo_tienda) VALUES
	 (381,'889222516','Belicia','Fronks','D''Ambrosio',3),
	 (382,'247168543','Amalee','Windless','Manus',4),
	 (383,'479614854','Timmie','Iashvili','D''Elia',5),
	 (384,'165953355','Durward','Chiles','Eburne',6),
	 (385,'664039309','Horatia','Bodill','O''Cassidy',7),
	 (386,'140312262','Freddy','Miebes','Crufts',1),
	 (387,'751475132','Colleen','Matusson','Crust',2),
	 (388,'607750060','Karalynn','Odger','Quadling',3),
	 (389,'737667270','Gilbert','Curgenuer','Benini',4),
	 (390,'641774364','Renae','Tabourel','Rusted',5);
INSERT INTO game.empleado (codigo,nif,nombre,apellido1,apellido2,codigo_tienda) VALUES
	 (391,'585429197','Dominick','Jeanon','Paolacci',6),
	 (392,'130171671','Grove','Summerton','Lindholm',7),
	 (393,'350551675','Barnard','Nottingam','Gavaran',1),
	 (394,'616246470','Brigit','Spink','Gourdon',2),
	 (395,'766193478','Eirena','Housley','Breissan',3),
	 (396,'807799532','Bar','Wegner','Bousquet',4),
	 (397,'882280944','Nikos','Tregea','Bygraves',5),
	 (398,'540197512','Angelo','McElwee','Eskriett',6),
	 (399,'240176806','Eva','Drohan','Antuoni',7),
	 (400,'607800759','Betsey','Olphert','Firman',1);
INSERT INTO game.empleado (codigo,nif,nombre,apellido1,apellido2,codigo_tienda) VALUES
	 (401,'590692114','Auguste','Keaton','Murrow',2),
	 (402,'871429763','Celestia','Bernakiewicz','Inman',3),
	 (403,'888557076','Fredericka','Lennon','Wrate',4),
	 (404,'886160470','Gale','Wakelin','Di Bartolommeo',5),
	 (405,'309064705','Margarette','Sweynson','Bortolutti',6),
	 (406,'382296295','Arel','Lermit','Daniau',7),
	 (407,'707074039','Norris','Sercombe','Esgate',1),
	 (408,'309640740','Shayna','Krier','Sola',2),
	 (409,'609442794','Perrine','Stump','Burren',3),
	 (410,'655539280','Giorgio','Lamden','Millions',4);
INSERT INTO game.empleado (codigo,nif,nombre,apellido1,apellido2,codigo_tienda) VALUES
	 (411,'403793714','Carlotta','Kupper','Wannes',5),
	 (412,'422757261','Lotty','Conlaund','Leggat',6),
	 (413,'867451296','Dallas','Ofer','Lenaghen',7),
	 (414,'770949199','Ellerey','Owtram','Bewfield',1),
	 (415,'386048963','Kevan','Rowberry','Moreby',2),
	 (416,'749656459','Jayson','Finlator','Morit',3),
	 (417,'436411183','Cammy','Wyne','Vaz',4),
	 (418,'718093404','Rubin','Hughes','Keeler',5),
	 (419,'334519984','Worthington','Ventris','Cahen',6),
	 (420,'550245529','Shanie','Gowland','Reen',7);
INSERT INTO game.empleado (codigo,nif,nombre,apellido1,apellido2,codigo_tienda) VALUES
	 (421,'351714142','Cort','Dealy','Ritchard',1),
	 (422,'739251257','Mattie','Eggle','Franzke',2),
	 (423,'661847188','Wat','Vinden','Stoile',3),
	 (424,'662941866','Rosie','Gradwell','O''Donohue',4),
	 (425,'769434176','Molli','Chasemoore','Samwaye',5),
	 (426,'527215507','Cynthy','Overington','Ridgeway',6),
	 (427,'598231994','Jaimie','Kunze','Drawmer',7),
	 (428,'764665103','Shandie','Druhan','Giacubo',1),
	 (429,'147399253','Oran','Milverton','Bilbey',2),
	 (430,'187011695','Boris','Garfield','Noades',3);
INSERT INTO game.empleado (codigo,nif,nombre,apellido1,apellido2,codigo_tienda) VALUES
	 (431,'135625285','Tucker','Worner','Belward',4),
	 (432,'261564114','Elga','Lytton','Hevner',5),
	 (433,'294601282','Cordie','Tripon','Hayzer',6),
	 (434,'888280848','Elfrida','Lytton','Munkley',7),
	 (435,'845892453','Jewell','Gilbard','Pilbeam',1),
	 (436,'462952756','Willabella','Yurtsev','Bartleet',2),
	 (437,'494345150','Shannen','Goodsell','Treslove',3),
	 (438,'648084054','Carolann','Vanshin','Mathiassen',4),
	 (439,'668062291','Ezra','Slite','Lonergan',5),
	 (440,'550415749','Reggie','Bugg','Foyster',6);
INSERT INTO game.empleado (codigo,nif,nombre,apellido1,apellido2,codigo_tienda) VALUES
	 (441,'402050173','Jess','Vibert','Hartington',7),
	 (442,'280840841','Roxane','Lanigan','Bernuzzi',1),
	 (443,'669857631','Christos','Staneland','Pinnington',2),
	 (444,'490468430','Martita','Whitesel','Scrivenor',3),
	 (445,'459106365','Sonja','Enevoldsen','Gammie',4),
	 (446,'442984287','Sherie','Tabbitt','Huyhton',5),
	 (447,'523574066','Evita','Nys','Parradine',6),
	 (448,'471767449','Devondra','Mabone','Barabich',7),
	 (449,'256366705','Bronnie','Astles','Kunes',1),
	 (450,'321291135','Alyce','Cridlin','McKinlay',2);
INSERT INTO game.empleado (codigo,nif,nombre,apellido1,apellido2,codigo_tienda) VALUES
	 (451,'373798829','Laurie','Stirling','Firmage',3),
	 (452,'177385850','Angy','Isbell','Scathard',4),
	 (453,'621214265','Rand','Addess','Bolger',5),
	 (454,'474365813','Catlee','Lembcke','Muckeen',6),
	 (455,'337098535','Cris','Crollman','Croneen',7),
	 (456,'428655243','Joy','Bazek','Melarkey',1),
	 (457,'840034274','Tess','Pedrol','Shervington',2),
	 (458,'455173041','Sauveur','Perel','Di Carlo',3),
	 (459,'842362537','Des','McCaskell','Panas',4),
	 (460,'527581108','Hyatt','Wones','Smale',5);
INSERT INTO game.empleado (codigo,nif,nombre,apellido1,apellido2,codigo_tienda) VALUES
	 (461,'410216305','Gan','Gerry','House',6),
	 (462,'543648340','Pascal','Claxton','Keaysell',7),
	 (463,'225975935','Veronika','Worsnip','Yarwood',1),
	 (464,'592566417','Luis','Birtonshaw','Colwill',2),
	 (465,'535647261','Shelagh','Dargavel','Bosomworth',3),
	 (466,'188344216','Rafaellle','Knapman','Fell',4),
	 (467,'622013085','Jan','Tugwell','Sparhawk',5),
	 (468,'100491893','Berrie','Allitt','Kinastan',6),
	 (469,'786619386','Creight','Loffhead','Donneely',7),
	 (470,'611802930','Merlina','Gronow','MacCrachen',1);
INSERT INTO game.empleado (codigo,nif,nombre,apellido1,apellido2,codigo_tienda) VALUES
	 (471,'664773669','Denis','Delort','Barnard',2),
	 (472,'519092122','Regan','Driutti','Gandley',3),
	 (473,'233480199','Clarinda','Rapsey','Collete',4),
	 (474,'238065059','Stacy','Willavize','Mattia',5),
	 (475,'843335772','Bone','MacCosto','Kohler',6),
	 (476,'457153725','Janessa','Lambillion','Legat',7),
	 (477,'411739669','Devlin','Whitwell','Sivill',1),
	 (478,'480678765','Benito','Landreth','Willavoys',2),
	 (479,'360565817','Magnum','Doonican','Dougliss',3),
	 (480,'791422143','Reggy','Davidovics','Ricardet',4);
INSERT INTO game.empleado (codigo,nif,nombre,apellido1,apellido2,codigo_tienda) VALUES
	 (481,'200623010','Sydney','Wiffen','Hofer',5),
	 (482,'185968946','Dud','Youster','Yakubovics',6),
	 (483,'510270444','Diarmid','Staggs','Nunes Nabarro',7),
	 (484,'800333457','Amos','Acreman','Fibbitts',1),
	 (485,'576403817','Myranda','Wyborn','Rheam',2),
	 (486,'602460381','Desi','Diss','Warbey',3),
	 (487,'537513402','Constancia','Denes','Poluzzi',4),
	 (488,'879814702','Land','Hanse','Poulglais',5),
	 (489,'560132880','Rodger','Whitfeld','Briereton',6),
	 (490,'441649952','Gerda','Moquin','Masdin',7);
INSERT INTO game.empleado (codigo,nif,nombre,apellido1,apellido2,codigo_tienda) VALUES
	 (491,'752985640','Ange','Damant','Rodenburg',1),
	 (492,'780133010','Buddie','Netti','Pendell',2),
	 (493,'827549164','Hilliard','Treneman','Rames',3),
	 (494,'810169339','Geri','Pauleau','Overlow',4),
	 (495,'752562954','Waldo','Heel','Oliva',5),
	 (496,'273817690','Derrick','Nice','January 1st',6),
	 (497,'315231913','Robena','Lesek','Bateup',7),
	 (498,'326086325','Sergent','Ayars','Perdue',1),
	 (499,'668754985','Gordy','Moss','Brosius',2),
	 (500,'810382198','Lucho','Fenck','Hirche',3);
INSERT INTO game.empleado (codigo,nif,nombre,apellido1,apellido2,codigo_tienda) VALUES
	 (501,'699270417','Gordon','HardyPiggin','Cowen',4),
	 (502,'241794463','Winnie','Heathwood','St. Paul',5),
	 (503,'205310442','Maggee','Cheale','Chattelaine',6),
	 (504,'531747174','Pascale','Chatelot','Redmell',7),
	 (505,'376638470','Caspar','Crookes','Maryin',1),
	 (506,'606287080','Gerri','Gorstidge','Nickless',2),
	 (507,'542873219','Goraud','Bonicelli','Kinnach',3),
	 (508,'721522082','Devora','Winspire','Shirrell',4),
	 (509,'572903297','Ruperto','Chiplin','Meakes',5),
	 (510,'809927207','Bertie','Varndall','McAlister',6);
INSERT INTO game.empleado (codigo,nif,nombre,apellido1,apellido2,codigo_tienda) VALUES
	 (511,'687293851','Natty','Bunner','Ferrulli',7),
	 (512,'515238745','Ara','Korejs','Clawley',1),
	 (513,'626120741','Lexi','Spurr','Goodier',2),
	 (514,'542326604','Judie','Shinefield','Scargle',3),
	 (515,'417112465','Jaquenetta','Burgiss','Keford',4),
	 (516,'283384631','Aguste','Dishman','Saby',5),
	 (517,'639133092','Correy','Oret','Peres',6),
	 (518,'708649332','Honey','Marvelley','Stickings',7),
	 (519,'868877575','Lillian','Leydon','Dobbing',1),
	 (520,'694626293','Roscoe','Polkinhorn','Ingrey',2);
INSERT INTO game.empleado (codigo,nif,nombre,apellido1,apellido2,codigo_tienda) VALUES
	 (521,'136976883','Rafi','McCullough','Boydle',3),
	 (522,'264423968','Emmye','Briffett','Harbar',4),
	 (523,'640984620','Ciro','Maddock','Pridgeon',5),
	 (524,'678011111','Helenka','Tuson','Ellacott',6),
	 (525,'450944339','Kata','Ianinotti','Manon',7),
	 (526,'648140153','Arie','McIlheran','Erbain',1),
	 (527,'289720315','Illa','Wooddisse','Ebourne',2),
	 (528,'481384730','Patience','Grumley','Ilyinykh',3),
	 (529,'554215032','Sayres','Plesing','Tortoise',4),
	 (530,'360718753','Nathalie','Santon','Gadney',5);
INSERT INTO game.empleado (codigo,nif,nombre,apellido1,apellido2,codigo_tienda) VALUES
	 (531,'254158123','Willabella','Masson','Gartell',6),
	 (532,'360256592','Ulrikaumeko','Tewes','Adacot',7),
	 (533,'745091060','Regan','Kleinholz','Lavallin',1),
	 (534,'213851932','Warden','Llewhellin','Pacht',2),
	 (535,'202529580','Cameron','Fincham','Polotti',3),
	 (536,'452661451','Val','Streatfeild','Kanwell',4),
	 (537,'875548260','Berty','Hansie','De Gouy',5),
	 (538,'217882398','Nevile','Dolphin','Antonio',6),
	 (539,'694444474','Kathryn','Trowle','Lamblot',7),
	 (540,'701381372','Gwenora','Axford','Loukes',1);
INSERT INTO game.empleado (codigo,nif,nombre,apellido1,apellido2,codigo_tienda) VALUES
	 (541,'745390778','Bryon','Dybell','Scroyton',2),
	 (542,'514983220','Julie','Colthard','Kilgrew',3),
	 (543,'613400809','Myriam','Bourgaize','Purkiss',4),
	 (544,'353103318','Meade','Bennetto','Durtnall',5),
	 (545,'572958920','Betteann','Ivantsov','Offner',6),
	 (546,'417679491','Gallard','Grimsley','Cairney',7),
	 (547,'694609261','Lou','Barnett','Strugnell',1),
	 (548,'498465368','Orsola','Commin','MacLaig',2),
	 (549,'846987141','Dirk','Tomsett','Padden',3),
	 (550,'693706748','Alden','MacAndreis','Cordery',4);
INSERT INTO game.empleado (codigo,nif,nombre,apellido1,apellido2,codigo_tienda) VALUES
	 (551,'356951695','Cary','Robinette','Ovell',5),
	 (552,'449432071','Artemis','Thaw','Douty',6),
	 (553,'237337357','Breanne','Lodemann','Elgar',7),
	 (554,'227919671','Vinnie','Ludl','Gulston',1),
	 (555,'165394115','Delainey','Hackney','Clorley',2),
	 (556,'248186901','Nettle','Monte','McRoberts',3),
	 (557,'362759382','Noellyn','Janas','Plaistowe',4),
	 (558,'790659355','Gerrilee','Samuel','Carine',5),
	 (559,'357615677','Marnie','Hollingsbee','Effnert',6),
	 (560,'421616313','Galina','Vasyatkin','Eates',7);
INSERT INTO game.empleado (codigo,nif,nombre,apellido1,apellido2,codigo_tienda) VALUES
	 (561,'717707356','Tatiania','Murkitt','Beggini',1),
	 (562,'152545379','Charissa','Roache','Sopp',2),
	 (563,'569337283','Giles','Macilhench','Itscovitz',3),
	 (564,'110835277','Isaiah','Calloway','Purdy',4),
	 (565,'413679642','Cordi','Bown','Geharke',5),
	 (566,'730157918','Barbabas','Neeson','Trowel',6),
	 (567,'107775335','Heather','Collete','Bickersteth',7),
	 (568,'582680654','Fraser','Dollin','Loftin',1),
	 (569,'112239925','Gabi','Pickworth','Keslake',2),
	 (570,'299599246','Bernelle','Faulder','Strathearn',3);
INSERT INTO game.empleado (codigo,nif,nombre,apellido1,apellido2,codigo_tienda) VALUES
	 (571,'248143082','Orton','Weldon','Daniels',4),
	 (572,'482568343','Franny','Patterfield','Lewsam',5),
	 (573,'515203392','Corrinne','McLardie','Hinchshaw',6),
	 (574,'177513091','Emmott','Kimmitt','Rustedge',7),
	 (575,'895423363','Susana','Georgeou','Woodcraft',1),
	 (576,'294097023','Kirsten','Maffin','Alvar',2),
	 (577,'560085941','Alain','Leffek','Ladbrooke',3),
	 (578,'549446866','Yasmeen','Sergeant','Bucklee',4),
	 (579,'540387863','Lilias','Cornewell','Bampford',5),
	 (580,'778968437','Charles','McMorran','Lambertazzi',6);
INSERT INTO game.empleado (codigo,nif,nombre,apellido1,apellido2,codigo_tienda) VALUES
	 (581,'257294466','Uri','Poinsett','Londing',7),
	 (582,'500683059','Savina','Darwin','Backman',1),
	 (583,'347389268','Aidan','L''Episcopi','Godlee',2),
	 (584,'801859109','Ebeneser','Fernyhough','Crompton',3),
	 (585,'235248851','Kirstyn','Fensome','Legen',4),
	 (586,'717780189','Cecilius','Philcock','Smillie',5),
	 (587,'628052636','Joshuah','Ayers','Lambis',6),
	 (588,'539629753','Pincas','Legister','Eldin',7),
	 (589,'309085715','Ardelia','Apps','Leaney',1),
	 (590,'167510220','Elmore','Sell','Plewes',2);
INSERT INTO game.empleado (codigo,nif,nombre,apellido1,apellido2,codigo_tienda) VALUES
	 (591,'290838734','Niall','Baylis','De Miranda',3),
	 (592,'790809855','Nadiya','Di Dello','Schwand',4),
	 (593,'684563968','Marley','Grunson','Braunes',5),
	 (594,'764068563','Agathe','Korb','Giffin',6),
	 (595,'746633859','Arri','Hoggins','Fabbri',7),
	 (596,'219014572','Gwendolen','Ausiello','Constance',1),
	 (597,'218584814','Babs','Tuddenham','MacBean',2),
	 (598,'136039897','Ellie','O''Corrigane','Valentelli',3),
	 (599,'102542741','Wilmar','Toner','Vickors',4),
	 (600,'589761053','Ardelis','Balfour','Broun',5);
INSERT INTO game.empleado (codigo,nif,nombre,apellido1,apellido2,codigo_tienda) VALUES
	 (601,'793732921','Inge','Craggs','Moatt',6),
	 (602,'124899859','Beryl','Robak','Bate',7),
	 (603,'413920746','Pippy','Langthorne','Gulk',1),
	 (604,'325629404','Jodie','Duxbarry','Ilson',2),
	 (605,'717283940','Malva','Boshere','Maudlen',3),
	 (606,'602652791','Barbaraanne','Beake','Pipes',4),
	 (607,'580262060','Nicolina','Mathely','Burgh',5),
	 (608,'832553093','Beverley','Brace','Wakefield',6),
	 (609,'401127491','Tomkin','Hacaud','Heinl',7),
	 (610,'516357829','Josselyn','Morman','Grisbrook',1);
INSERT INTO game.empleado (codigo,nif,nombre,apellido1,apellido2,codigo_tienda) VALUES
	 (611,'291284428','Federica','Fenny','Wealleans',2),
	 (612,'437902365','Sasha','Witz','Joutapavicius',3),
	 (613,'716518225','Hattie','Clingoe','Sandbach',4),
	 (614,'370546748','Laina','Curado','Rump',5),
	 (615,'426519041','Justina','Skittle','Mathivet',6),
	 (616,'832186057','Griff','Busek','Clemetts',7),
	 (617,'582125497','Donaugh','La Croce','Gregoli',1),
	 (618,'459440239','Brooks','McGinlay','Wakeford',2),
	 (619,'388389132','Sauncho','Wattinham','Cleary',3),
	 (620,'648381836','L;urette','Davidesco','Kibble',4);
INSERT INTO game.empleado (codigo,nif,nombre,apellido1,apellido2,codigo_tienda) VALUES
	 (621,'866571168','Nissa','Hillitt','Atkyns',5),
	 (622,'691832103','Brandyn','Kantor','Wellstead',6),
	 (623,'876127020','Mareah','Whiteland','Matthewman',7),
	 (624,'508796262','Katharyn','Clues','Fearnside',1),
	 (625,'893192958','Karla','Daniellot','Capron',2),
	 (626,'543218305','Shelli','Hassen','Mandifield',3),
	 (627,'748878430','Penny','Schneidau','Lewisham',4),
	 (628,'477281075','Grazia','Calvert','Rupke',5),
	 (629,'563462171','Olin','Marcus','Braithwait',6),
	 (630,'677683556','Evania','Pletts','Olyfant',7);
INSERT INTO game.empleado (codigo,nif,nombre,apellido1,apellido2,codigo_tienda) VALUES
	 (631,'797593715','Evaleen','Warr','Pirson',1),
	 (632,'811510448','Nona','Thresher','Pocknoll',2),
	 (633,'231438914','Nora','Priestland','Cornelissen',3),
	 (634,'398364514','Nesta','Soot','Andraud',4),
	 (635,'783643400','Elvis','Grogono','Lacelett',5),
	 (636,'134587581','Gregoire','Abbatt','Baynham',6),
	 (637,'288725423','Ross','Thairs','Dawidowicz',7),
	 (638,'631653021','Gena','Torald','Chatteris',1),
	 (639,'426182797','Hillard','Sickamore','Vidgen',2),
	 (640,'797444391','Cornela','Caselli','Blanking',3);
INSERT INTO game.empleado (codigo,nif,nombre,apellido1,apellido2,codigo_tienda) VALUES
	 (641,'857549584','Calley','Lowther','Tilne',4),
	 (642,'809485685','Deina','Peyes','Jenkyn',5),
	 (643,'131656637','Keith','Immings','Clement',6),
	 (644,'361823706','Catherine','Iamittii','Bortolotti',7),
	 (645,'576712845','Billye','Luff','McCallister',1),
	 (646,'569272228','Brantley','Agget','Ohlsen',2),
	 (647,'820309942','Bartholemy','Utting','Sorby',3),
	 (648,'645093072','Mead','Belcham','Praill',4),
	 (649,'684139392','Andie','Elderidge','Riccardelli',5),
	 (650,'717170784','Moyna','Bischoff','Allchorn',6);
INSERT INTO game.empleado (codigo,nif,nombre,apellido1,apellido2,codigo_tienda) VALUES
	 (651,'420088165','Alick','Askell','Horsell',7),
	 (652,'806758641','Rufe','Winwright','Benoi',1),
	 (653,'190100641','Wyn','Braithwaite','Rignoldes',2),
	 (654,'428286085','Rakel','Govan','Hubbucks',3),
	 (655,'670494385','Faye','Ealam','Horsell',4),
	 (656,'185708702','Kermit','Boase','Guillot',5),
	 (657,'417177616','Ania','Nolda','Housden',6),
	 (658,'546751950','Darrell','Bisco','Ofer',7),
	 (659,'242361740','Kathrine','Willcocks','Waldren',1),
	 (660,'260160428','Martie','Caville','Gifford',2);
INSERT INTO game.empleado (codigo,nif,nombre,apellido1,apellido2,codigo_tienda) VALUES
	 (661,'812456359','Mordy','Lemmens','Pettis',3),
	 (662,'483719727','Dorian','Slinn','Ceschi',4),
	 (663,'555840827','Anett','Laise','Sheardown',5),
	 (664,'238047295','Jamie','Balma','Colliard',6),
	 (665,'494190455','Ezequiel','Stredder','Battisson',7),
	 (666,'829276944','Cesaro','Zold','Porteous',1),
	 (667,'228503982','Kassandra','Hefner','Balham',2),
	 (668,'815625544','Billy','Trevear','Uppett',3),
	 (669,'897836011','Haroun','Gallihaulk','Hess',4),
	 (670,'424234680','Nessie','Eefting','Campe',5);
INSERT INTO game.empleado (codigo,nif,nombre,apellido1,apellido2,codigo_tienda) VALUES
	 (671,'584446409','Temp','Romanet','Pessold',6),
	 (672,'881184832','Peadar','McLeman','Prandy',7),
	 (673,'798462312','Lauren','Beech','Matonin',1),
	 (674,'781372063','Bradney','Whibley','Keggin',2),
	 (675,'660669673','Rafael','Traill','Waith',3),
	 (676,'767981660','Alexis','Riepl','Karp',4),
	 (677,'626700628','Burch','Ortells','Kippax',5),
	 (678,'612569698','Marjy','Gaize','Paton',6),
	 (679,'158744462','Thatcher','Lownds','Plumtree',7),
	 (680,'759149285','Ervin','Trappe','Birkmyre',1);
INSERT INTO game.empleado (codigo,nif,nombre,apellido1,apellido2,codigo_tienda) VALUES
	 (681,'745069411','Bogart','Grunnill','Renzini',2),
	 (682,'311470429','Ford','Garlee','Buttrick',3),
	 (683,'595566029','Vania','Bantock','Sissot',4),
	 (684,'746918967','Ilario','Chattelaine','Lucus',5),
	 (685,'608963248','Aggi','Gemnett','Lantiff',6),
	 (686,'268257552','Brand','Fullager','Gimblet',7),
	 (687,'772093562','Jacobo','Ebhardt','Farncombe',1),
	 (688,'139370791','Kerianne','Kubica','Plaster',2),
	 (689,'434108836','Harland','Blazek','Hostan',3),
	 (690,'576589494','Corilla','Venediktov','Caddens',4);
INSERT INTO game.empleado (codigo,nif,nombre,apellido1,apellido2,codigo_tienda) VALUES
	 (691,'750822576','Lauralee','Riggoll','Cardozo',5),
	 (692,'513918663','Joycelin','Dobson','Doig',6),
	 (693,'175217639','Ranique','Lacky','Rainy',7),
	 (694,'656749784','Elvina','Lyenyng','Burnhill',1),
	 (695,'533105714','Moll','Kochel','Pallant',2),
	 (696,'827449675','Ursala','Tansley','Itzkovici',3),
	 (697,'552725430','Dorrie','Khristyukhin','Preddle',4),
	 (698,'501319907','Hana','Brunke','Cumes',5),
	 (699,'250102750','Ivor','Cardenosa','Samter',6),
	 (700,'183801750','Rainer','Kiossel','Bowdidge',7);
INSERT INTO game.empleado (codigo,nif,nombre,apellido1,apellido2,codigo_tienda) VALUES
	 (701,'839067722','Welch','Sibyllina','Watkiss',1),
	 (702,'899104271','Petra','Swindall','McCaskill',2),
	 (703,'571198278','Tommie','Gregr','Brandes',3),
	 (704,'609392081','Jules','Stirton','Heather',4),
	 (705,'328433839','Izzy','Dowthwaite','Monks',5),
	 (706,'121820122','Garrott','Batts','Yakhin',6),
	 (707,'182436524','Becca','Galsworthy','Scargle',7),
	 (708,'802073492','Evie','Tottman','Downage',1),
	 (709,'545854421','Alair','Baptist','Toler',2),
	 (710,'505989669','Filia','Haggerston','Bridgen',3);
INSERT INTO game.empleado (codigo,nif,nombre,apellido1,apellido2,codigo_tienda) VALUES
	 (711,'266076671','Mada','Bussens','Bessent',4),
	 (712,'424720825','Nappy','Alleway','Adamo',5),
	 (713,'822386409','Piggy','Reuben','MacMaykin',6),
	 (714,'455493624','Rania','Enriquez','Welman',7),
	 (715,'434522957','Eduino','Cansdill','Coull',1),
	 (716,'406408859','Tamra','Dederich','Jedraszczyk',2),
	 (717,'168955832','Dasha','Gallally','Blagbrough',3),
	 (718,'188726959','Liliane','Ethelston','Garrit',4),
	 (719,'173211972','Dari','Heaven','Lefever',5),
	 (720,'325324478','Kurtis','Boutton','Symers',6);
INSERT INTO game.empleado (codigo,nif,nombre,apellido1,apellido2,codigo_tienda) VALUES
	 (721,'697758463','Christoper','Godber','Skully',7),
	 (722,'567350017','Farlay','Cowely','Siddle',1),
	 (723,'570297687','Gothart','Hartless','Spieck',2),
	 (724,'532568976','Junia','Massimi','Gowthrop',3),
	 (725,'681164185','Carr','Lusted','Pyer',4),
	 (726,'608794859','Stafford','Campkin','Beaton',5),
	 (727,'248636636','Ofelia','Hammerman','McPhee',6),
	 (728,'583175255','Corly','Tetford','Raeside',7),
	 (729,'644694958','Izabel','Slate','Rymmer',1),
	 (730,'252658869','Clifford','Cunradi','Perview',2);
INSERT INTO game.empleado (codigo,nif,nombre,apellido1,apellido2,codigo_tienda) VALUES
	 (731,'606932460','Penrod','McGerraghty','Riche',3),
	 (732,'418797617','Karissa','Mongeot','Easbie',4),
	 (733,'612309793','Leelah','Fruser','Lushey',5),
	 (734,'153983456','Vitoria','Nairns','Morecomb',6),
	 (735,'809875574','Victoir','Rubens','Calverley',7),
	 (736,'160879302','Olympia','Ragsdall','Ingerith',1),
	 (737,'258530965','Sibyl','Cristoforo','Di Roberto',2),
	 (738,'552637769','Worthington','Carress','Harnetty',3),
	 (739,'337720257','Darrelle','Bearn','Gosling',4),
	 (740,'477692079','Vale','Shafier','Gunter',5);
INSERT INTO game.empleado (codigo,nif,nombre,apellido1,apellido2,codigo_tienda) VALUES
	 (741,'333260680','Brynna','Giacopazzi','Nornasell',6),
	 (742,'382476420','Neron','Deniske','Kennett',7),
	 (743,'492343754','Ofella','Edards','Canti',1),
	 (744,'254222471','Nikki','Brisseau','Purchon',2),
	 (745,'830937032','Matthieu','Thresh','Benian',3),
	 (746,'696473122','Tobit','Gotter','Cristofano',4),
	 (747,'511198554','Verile','Venton','Anwyl',5),
	 (748,'408374886','Marc','Elster','Orts',6),
	 (749,'209507172','Pammi','De Domenicis','Coultard',7),
	 (750,'334523323','Franchot','Dudmesh','Beneix',1);
INSERT INTO game.empleado (codigo,nif,nombre,apellido1,apellido2,codigo_tienda) VALUES
	 (751,'646851357','Goldie','Orteaux','Bourgourd',2),
	 (752,'696607370','Fonzie','Rymell','Botterman',3),
	 (753,'283069270','Kurt','Ricoald','Wenger',4),
	 (754,'522603185','Reinhard','Doodney','Paling',5),
	 (755,'756618672','Hulda','Preto','Joiner',6),
	 (756,'571914646','Kaylyn','Blakeney','Luckcock',7),
	 (757,'129751450','Stephie','Waterfall','Imorts',1),
	 (758,'805726121','Richart','Dorrian','Mibourne',2),
	 (759,'520878310','Janene','Titt','McAlister',3),
	 (760,'747469577','Adrianne','Challice','Peddersen',4);
INSERT INTO game.empleado (codigo,nif,nombre,apellido1,apellido2,codigo_tienda) VALUES
	 (761,'702130167','Alexander','Arstingall','Mattson',5),
	 (762,'766794114','Demetria','Gostridge','Coffelt',6),
	 (763,'683794633','Erma','Quilkin','Beckworth',7),
	 (764,'616174841','Leah','Senner','Lago',1),
	 (765,'189749309','Keary','Grigoletti','Mizzen',2),
	 (766,'740646706','Marne','Gladman','Denness',3),
	 (767,'484386649','Redford','O''Sharkey','Arnatt',4),
	 (768,'808447836','Jared','Benson','Beverstock',5),
	 (769,'749834041','Jody','Storrah','Adacot',6),
	 (770,'624888982','Gertie','Linnard','Kobelt',7);
INSERT INTO game.empleado (codigo,nif,nombre,apellido1,apellido2,codigo_tienda) VALUES
	 (771,'783965103','Ailis','Stilwell','Heugel',1),
	 (772,'537878920','Marlowe','Garret','Yanin',2),
	 (773,'294197725','Anabella','Drury','Frankland',3),
	 (774,'461629687','Maryrose','Thoms','Klimochkin',4),
	 (775,'774767704','Conway','Donoghue','Kleewein',5),
	 (776,'822497203','Shanon','Plet','Colicot',6),
	 (777,'298815908','Ricoriki','Rudwell','Frankham',7),
	 (778,'392243108','Sawyere','Barkhouse','Waldock',1),
	 (779,'559918559','Madel','Hammell','Reece',2),
	 (780,'786742411','Stavros','Bulman','Carluccio',3);
INSERT INTO game.empleado (codigo,nif,nombre,apellido1,apellido2,codigo_tienda) VALUES
	 (781,'327217732','Cornela','Bernaldo','Lomen',4),
	 (782,'295928387','Riobard','Millis','Hryniewicki',5),
	 (783,'384271368','Leo','de Vaen','MacCrossan',6),
	 (784,'512579090','Khalil','Hovie','Lambden',7),
	 (785,'249657111','Mart','Ney','Lissemore',1),
	 (786,'498757275','Rogers','Childers','Osan',2),
	 (787,'892230364','Angil','Bootes','Goldspink',3),
	 (788,'605080525','Earle','MacKay','Kubiczek',4),
	 (789,'699470105','Franklin','Abbatucci','Staner',5),
	 (790,'217831646','Stephan','McMonies','Garrie',6);
INSERT INTO game.empleado (codigo,nif,nombre,apellido1,apellido2,codigo_tienda) VALUES
	 (791,'506548234','Jackie','Slyme','Alberts',7),
	 (792,'815908304','Purcell','Hurrion','O''Gorman',1),
	 (793,'652210054','Jerome','Breznovic','Giffen',2),
	 (794,'197677055','Matthus','Dike','Cochet',3),
	 (795,'280850566','Ware','Claypole','Iacomelli',4),
	 (796,'702880051','Cherye','Roggerone','Coldbath',5),
	 (797,'744584622','Skippy','Geere','Markie',6),
	 (798,'603425046','Tilda','Brister','Joinson',7),
	 (799,'779557193','Pippo','Americi','Cumberledge',1),
	 (800,'863829173','Dorisa','Behrend','Stefi',2);
INSERT INTO game.empleado (codigo,nif,nombre,apellido1,apellido2,codigo_tienda) VALUES
	 (801,'391722416','Casi','Iacomini','Catlin',3),
	 (802,'504507285','Anselm','Stoves','Maingot',4),
	 (803,'343325098','Fianna','Rudolph','Catherine',5),
	 (804,'814029635','Herrick','Dowrey','Bearns',6),
	 (805,'267691470','Gilles','Wolford','Hanwright',7),
	 (806,'768871310','Harrietta','Civitillo','Brunotti',1),
	 (807,'819752289','Gwenora','Seid','Kenningham',2),
	 (808,'606551260','Zuzana','Tanswell','Haynes',3),
	 (809,'258605408','Michele','MacCheyne','Heinschke',4),
	 (810,'346973677','Fran','Blick','Swindells',5);
INSERT INTO game.empleado (codigo,nif,nombre,apellido1,apellido2,codigo_tienda) VALUES
	 (811,'798315194','Iago','Vasilic','Faircliff',6),
	 (812,'294101731','Griffie','Walker','Swancock',7),
	 (813,'375611633','Sileas','Djurkovic','Bagnold',1),
	 (814,'296405519','Rice','Asbrey','Gumbley',2),
	 (815,'274927086','Jacinthe','Lethley','Heathcote',3),
	 (816,'652738009','Xena','Lunn','Measen',4),
	 (817,'885282703','Shanta','Antonellini','Gudahy',5),
	 (818,'562330589','Kean','Matresse','Baxendale',6),
	 (819,'338984969','Tawnya','Lytlle','Eldershaw',7),
	 (820,'711658545','Sallie','Tothe','Baggiani',1);
INSERT INTO game.empleado (codigo,nif,nombre,apellido1,apellido2,codigo_tienda) VALUES
	 (821,'561881135','Ced','Bourtoumieux','Dalyell',2),
	 (822,'761692721','Nicol','Ellison','McCarrell',3),
	 (823,'430533730','Nollie','Llopis','Muckley',4),
	 (824,'420661915','Berkie','Parkin','O''Brien',5),
	 (825,'698680729','Athena','Smitheman','Ternott',6),
	 (826,'720058424','Riley','Houchen','de Lloyd',7),
	 (827,'609821247','Yanaton','Callow','Corneille',1),
	 (828,'157441338','Sibylle','Brigden','Sibbald',2),
	 (829,'337293809','Lin','Garz','Daughtry',3),
	 (830,'227178512','Garth','Templman','Haslum',4);
INSERT INTO game.empleado (codigo,nif,nombre,apellido1,apellido2,codigo_tienda) VALUES
	 (831,'132107510','Kris','Yorath','Schaffler',5),
	 (832,'307195134','Martino','Pleavin','Bunney',6),
	 (833,'788192966','Herman','Corselles','Basindale',7),
	 (834,'129053809','Billie','Dyos','Tomadoni',1),
	 (835,'386926298','Ingram','Shrimpton','Emney',2),
	 (836,'702479570','Ellyn','Zamudio','Condy',3),
	 (837,'590328153','Eduard','Bottby','Thoumasson',4),
	 (838,'686738151','Vinita','Jane','Jaquin',5),
	 (839,'695484560','Penny','Aime','Crawcour',6),
	 (840,'534674210','Nadiya','Saville','Dugood',7);
INSERT INTO game.empleado (codigo,nif,nombre,apellido1,apellido2,codigo_tienda) VALUES
	 (841,'892096291','Lindi','Switland','Ferraro',1),
	 (842,'408307463','Dorry','Bradden','Slade',2),
	 (843,'863702604','Dorine','MacDunlevy','De Zuani',3),
	 (844,'423260758','Kalvin','Louche','Graalmans',4),
	 (845,'519765521','Jacquetta','Erickssen','Collinge',5),
	 (846,'819101745','Grete','Dring','Crowch',6),
	 (847,'350812567','Corabelle','Poor','Cortez',7),
	 (848,'767715426','Kendall','Lichtfoth','Lilbourne',1),
	 (849,'863404161','Anica','Manntschke','Paulley',2),
	 (850,'811603499','Loella','Espadater','Teal',3);
INSERT INTO game.empleado (codigo,nif,nombre,apellido1,apellido2,codigo_tienda) VALUES
	 (851,'205184020','Gamaliel','Rummings','Dimitrijevic',4),
	 (852,'388632778','Celka','Fullilove','Gawkes',5),
	 (853,'158428942','Gabi','Wakeford','Humpatch',6),
	 (854,'695788067','Halette','Van Son','Saleway',7),
	 (855,'800556198','Merwin','Valenti','Tinham',1),
	 (856,'459910319','Ericha','Gatrill','Vsanelli',2),
	 (857,'817559144','Wanids','Simister','Trayton',3),
	 (858,'848247217','Ethe','Easey','Showte',4),
	 (859,'393449214','Kinsley','Beament','Dykes',5),
	 (860,'890330341','Claus','Stocky','Alten',6);
INSERT INTO game.empleado (codigo,nif,nombre,apellido1,apellido2,codigo_tienda) VALUES
	 (861,'374685487','Harvey','Capron','Fishburn',7),
	 (862,'124753704','Davine','Temple','Falkingham',1),
	 (863,'566685282','Melisenda','Agdahl','Golthorpp',2),
	 (864,'571509106','Townsend','Stollery','Wicks',3),
	 (865,'722242713','Chiquia','Mokes','Etuck',4),
	 (866,'421793919','Mehetabel','Turfrey','Crocetto',5),
	 (867,'741400604','Kayne','Woodhall','Ronan',6),
	 (868,'477547005','Diarmid','Sidary','Tuffrey',7),
	 (869,'361328623','Wallace','Creeghan','Ashbee',1),
	 (870,'465669420','Noby','Minall','Gimert',2);
INSERT INTO game.empleado (codigo,nif,nombre,apellido1,apellido2,codigo_tienda) VALUES
	 (871,'198148748','Harley','Sheilds','Bartoloma',3),
	 (872,'810878858','Rhonda','Pickston','Stores',4),
	 (873,'205411032','Morie','Ewells','Philpin',5),
	 (874,'300568888','Cross','Hanster','Brenton',6),
	 (875,'493760099','Zitella','Monery','Ansty',7),
	 (876,'462112252','Wildon','Dibben','Scatchar',1),
	 (877,'725334268','Gypsy','Player','Jaqueminet',2),
	 (878,'446998188','Marrissa','Laughren','Creavin',3),
	 (879,'850165810','Jaymee','Ruoss','Kinneally',4),
	 (880,'877504157','Orren','Ridge','Tulloch',5);
INSERT INTO game.empleado (codigo,nif,nombre,apellido1,apellido2,codigo_tienda) VALUES
	 (881,'829409564','Cherin','Jennison','Baike',6),
	 (882,'419369881','Lazaro','Alstead','Whittuck',7),
	 (883,'147599199','Guendolen','Morley','Rabidge',1),
	 (884,'273548508','Gardie','Toplin','Gravenell',2),
	 (885,'722325656','Merola','Theml','Ives',3),
	 (886,'408965117','Cecelia','Echlin','Antonoyev',4),
	 (887,'204728564','Thaine','D''Arrigo','Hannent',5),
	 (888,'360767366','Ingrid','Orbell','Quinion',6),
	 (889,'660604172','Torr','Mangin','Luca',7),
	 (890,'655170888','Salmon','Baseggio','Ondrasek',1);
INSERT INTO game.empleado (codigo,nif,nombre,apellido1,apellido2,codigo_tienda) VALUES
	 (891,'653542135','Wake','Di Francecshi','Ferrino',2),
	 (892,'583385055','Leif','Camacho','Beebe',3),
	 (893,'874286483','Heloise','Tankus','MacQuaker',4),
	 (894,'705183717','Eartha','Kennaway','Clendening',5),
	 (895,'291042276','Zebulen','Atwill','Poyzer',6),
	 (896,'350399132','Haze','Willarton','Gartin',7),
	 (897,'460104986','Grier','Penfold','Le Brum',1),
	 (898,'303882815','Ignacius','Dionsetto','O''Crotty',2),
	 (899,'304400183','Kikelia','Ilchenko','Breddy',3),
	 (900,'217672667','Rurik','Bridgeman','Barnett',4);
INSERT INTO game.empleado (codigo,nif,nombre,apellido1,apellido2,codigo_tienda) VALUES
	 (901,'866907756','Leeann','Scolland','Beesey',5),
	 (902,'531049356','Nickola','Quarrell','Shenton',6),
	 (903,'559223991','Amby','Tattershaw','Iddons',7),
	 (904,'552244156','Falkner','Christley','Jobbins',1),
	 (905,'361310850','Trina','Leader','Fosh',2),
	 (906,'206981132','Adrien','Lambeth','Frear',3),
	 (907,'752944910','Ennis','McCourtie','Keese',4),
	 (908,'813792904','Auberon','Jacmar','Monnery',5),
	 (909,'637459410','Cordell','Normanvill','Nunson',6),
	 (910,'792604521','Noble','Flicker','Deniset',7);
INSERT INTO game.empleado (codigo,nif,nombre,apellido1,apellido2,codigo_tienda) VALUES
	 (911,'274234123','Calvin','Roja','Jarritt',1),
	 (912,'322980337','Odie','Bratton','Pallas',2),
	 (913,'662497989','Kalila','Bridgman','Collier',3),
	 (914,'885061247','Cathrine','Mattek','Androlli',4),
	 (915,'123273362','Eliza','Clemerson','Abbet',5),
	 (916,'727715318','Karen','Licence','Dorset',6),
	 (917,'158801241','Celeste','Vedenichev','Cianni',7),
	 (918,'205205560','Abran','Bampkin','Fawssett',1),
	 (919,'394542482','Carine','Ginnety','Rodrigo',2),
	 (920,'482324173','Alameda','Baise','Allcorn',3);
INSERT INTO game.empleado (codigo,nif,nombre,apellido1,apellido2,codigo_tienda) VALUES
	 (921,'638213213','Van','Josiah','Strike',4),
	 (922,'879738717','Cleo','Adshed','Labon',5),
	 (923,'138401710','Carey','Gwatkins','Flowerdew',6),
	 (924,'490194809','Jozef','Barth','Eltringham',7),
	 (925,'152246480','Elly','Yarrall','Mottershead',1),
	 (926,'155630654','Liane','Tuffs','Mallindine',2),
	 (927,'830707285','Stafford','Ianson','Cremin',3),
	 (928,'889693024','Frederic','Morfett','Dannell',4),
	 (929,'433488425','Elisabetta','Caush','Player',5),
	 (930,'659770231','Maddy','Cottu','Trewhela',6);
INSERT INTO game.empleado (codigo,nif,nombre,apellido1,apellido2,codigo_tienda) VALUES
	 (931,'261184869','Patton','Goldstein','De Angelis',7),
	 (932,'697481494','Virginia','April','Marrill',1),
	 (933,'842191512','Esta','Duffin','Marlor',2),
	 (934,'255588350','Kirstyn','Naish','Fausset',3),
	 (935,'185691654','Betteanne','Simonds','Commander',4),
	 (936,'633050931','Berta','Mcwhinnie','Snassell',5),
	 (937,'447888409','Amy','Neubigin','Rickardes',6),
	 (938,'569385498','Philly','Brinsford','Rounsefell',7),
	 (939,'499914342','Eddie','Dracksford','Pridgeon',1),
	 (940,'437086129','Gherardo','Prazer','Meekin',2);
INSERT INTO game.empleado (codigo,nif,nombre,apellido1,apellido2,codigo_tienda) VALUES
	 (941,'636480493','Rozina','Adelberg','Largent',3),
	 (942,'760658113','Luigi','Lovart','Renahan',4),
	 (943,'888188352','Nessy','Hardiman','Yeowell',5),
	 (944,'725489330','Andie','Pagan','Crosston',6),
	 (945,'335485668','Anthia','Aizkovitch','Byre',7),
	 (946,'232720159','Pearce','Ulyatt','Edelman',1),
	 (947,'648260350','Paddie','Andersen','Shakeshaft',2),
	 (948,'406134367','Dody','Wane','Martinelli',3),
	 (949,'536500738','Joellyn','Gregori','Kingcott',4),
	 (950,'322411849','Demott','Tevelov','Blanckley',5);
INSERT INTO game.empleado (codigo,nif,nombre,apellido1,apellido2,codigo_tienda) VALUES
	 (951,'362437480','Ximenez','de Courcey','Mars',6),
	 (952,'604836666','April','Trundle','Long',7),
	 (953,'107294195','Teddy','Giblett','Peppin',1),
	 (954,'893193679','Sandra','Guerry','Denson',2),
	 (955,'677161341','Chrisse','Parrett','Fillary',3),
	 (956,'507369646','Sol','Cordner','Kochel',4),
	 (957,'528713559','Townie','Etoile','Strass',5),
	 (958,'652445782','Charmian','Hansel','Skitch',6),
	 (959,'290046140','Milzie','Faherty','Gannaway',7),
	 (960,'341015124','Herbert','Reap','Shank',1);
INSERT INTO game.empleado (codigo,nif,nombre,apellido1,apellido2,codigo_tienda) VALUES
	 (961,'528223427','Fitz','Domaschke','Lough',2),
	 (962,'369024976','Vonny','Rehor','Sola',3),
	 (963,'180572653','Jonas','Plaunch','Silcox',4),
	 (964,'249054906','Norry','Blower','Dongles',5),
	 (965,'667192540','Rhody','Upham','Sharville',6),
	 (966,'706981022','Chloris','Bolesworth','Coleby',7),
	 (967,'679053996','Gaylord','Hurdedge','Le Franc',1),
	 (968,'757474280','Livy','Hinz','Klimp',2),
	 (969,'427693915','Carri','Prince','Quinney',3),
	 (970,'669197004','Kaia','Hiskey','Phalp',4);
INSERT INTO game.empleado (codigo,nif,nombre,apellido1,apellido2,codigo_tienda) VALUES
	 (971,'312267688','Alvinia','Olsson','Petheridge',5),
	 (972,'561116724','Helge','Chinn','Velde',6),
	 (973,'756026419','Hobey','Caskie','Luberti',7),
	 (974,'640434024','Cordi','Ghirardi','Surgison',1),
	 (975,'838306900','Tally','Buckles','Iorizzo',2),
	 (976,'377898695','Georgena','Springham','Frarey',3),
	 (977,'134804280','Emanuel','Kirstein','De Angelo',4),
	 (978,'346306646','Humberto','Exley','Risborough',5),
	 (979,'411632584','Janot','Glusby','Bebbington',6),
	 (980,'139047140','Berkeley','Brownett','Schrir',7);
INSERT INTO game.empleado (codigo,nif,nombre,apellido1,apellido2,codigo_tienda) VALUES
	 (981,'474980669','Yehudit','Vernon','Turrill',1),
	 (982,'798637417','Mora','Lynagh','Rosenbloom',2),
	 (983,'582974199','Drusy','Ollin','Gorden',3),
	 (984,'346633556','Eolanda','Pennells','Franzetti',4),
	 (985,'462534965','Carlin','Kerkham','Hayler',5),
	 (986,'604266276','Matias','McNysche','Defries',6),
	 (987,'213274022','Moyra','Christene','Van Halle',7),
	 (988,'821722349','Rana','Toffanelli','Hadgkiss',1),
	 (989,'183180191','Dorothea','Jeyes','Ellcome',2),
	 (990,'865343105','Darya','Aitken','Revington',3);
INSERT INTO game.empleado (codigo,nif,nombre,apellido1,apellido2,codigo_tienda) VALUES
	 (991,'731350084','Claudine','Masselin','Dougherty',4),
	 (992,'160758924','Catha','Farlane','Goggin',5),
	 (993,'232819319','Lorry','Sears','Okie',6),
	 (994,'661831635','Mickie','Ardern','O''Cooney',7),
	 (995,'236119966','Beverlee','Pedrocchi','Beecham',1),
	 (996,'603689738','Zelma','Wegner','Stonall',2),
	 (997,'252370500','Ephraim','Gelletly','Quigg',3),
	 (998,'311447034','Floyd','Greggs','Heephy',4),
	 (999,'874523148','Bartlett','Soffe','Kinnar',5),
	 (1000,'675342951','Padgett','Flowerden','Vurley',6);

-- fabricante
INSERT INTO game.fabricante (codigo,nombre) VALUES
	 (1,'Asus'),
	 (2,'Lenovo'),
	 (3,'HP'),
	 (4,'Samsung'),
	 (5,'Game'),
	 (6,'Razer'),
	 (7,'Msi'),
	 (8,'Intel'),
	 (9,'Acer'),
	 (10,'Medion');
INSERT INTO game.fabricante (codigo,nombre) VALUES
	 (11,'Microsoft'),
	 (12,'Lg'),
	 (13,'Activision'),
	 (14,'Bungie'),
	 (15,'Bethesda'),
	 (16,'Nintendo'),
	 (17,'Ubisoft'),
	 (18,'Electronic Arts'),
	 (19,'Capcom'),
	 (20,'Namco Bandai');
INSERT INTO game.fabricante (codigo,nombre) VALUES
	 (21,'Sega'),
	 (22,'Warner Bros Interactive'),
	 (23,'Gameware'),
	 (24,'Logitech'),
	 (25,'Remotto'),
	 (26,'Sony'),
	 (27,'The GLab'),
	 (28,'Trust'),
	 (29,'Sandisk'),
	 (30,'Dell');
INSERT INTO game.fabricante (codigo,nombre) VALUES
	 (31,'Gigabyte'),
	 (32,'Ardistel'),
	 (33,'Benq'),
	 (34,'Kingston'),
	 (35,'Toshiba'),
	 (36,'Western Digital'),
	 (37,'Seagate'),
	 (38,'Cooler Master');

-- producto
INSERT INTO game.producto (codigo,nombre,edad_min,precio,puntos_game,codigo_fabricante) VALUES
	 (1,'FIFA 23 PS4','3',60,600,18),
	 (2,'Star Wars Jedi Fallen Order PS4','16',20,200,18),
	 (3,'LEGO Harry Potter Collection PS4','7',15,150,22),
	 (4,'Back 4 Blood Special Edition PS4','18',30,300,22),
	 (5,'LEGO Star Wars: La Saga Skywalker PS5','7',40,400,22),
	 (6,'Dragon Ball Xenoverse 2 Super Edition Nintendo Switch','12',25,250,20),
	 (7,'Captain Tsubasa: Rise Of New Champions Ed Deluxe Nintendo Switch','7',30,350,20),
	 (8,'Star Wars Jedi Survivor PS5','16',80,800,18),
	 (9,'God of War Ragnarök Edición Coleccionista PS5','18',215,2150,26),
	 (10,'Marvel´s SpiderMan GOTY PS4','16',50,500,26);
INSERT INTO game.producto (codigo,nombre,edad_min,precio,puntos_game,codigo_fabricante) VALUES
	 (11,'Gran Turismo 7 Edición 25 Aniversario PS5','3',70,700,26),
	 (12,'Memoria Sandisk 512Gb Microsdxc Súper Hoja -Licencia Oficial-','',70,700,29),
	 (13,'Toshiba Canvio Basics 1Tb Negro - Disco Duro Externo','',60,580,35),
	 (14,'Western Digital Elements 1Tb - Negro - Usb 3.0 - Ps4 - Xbox - Pc - Mac - Disco Duro Externo','',66,660,36),
	 (15,'Wd_Black D30 1Tb Ssd - Pc - Ps4 - Ps5 - Xbox - Mac - Disco Duro Externo','',100,1000,36),
	 (16,'Seagate Storage Expansion Card 2Tb For Xbox Series X/S','',395,3950,37),
	 (17,'Wd_Black P10 Game Drive 5Tb Ps4 - Ps5 – Xbox – Pc – Mac - Disco Duro Externo','',110,1100,36),
	 (18,'Seagate Storage Expansion Card 1Tb For Xbox Series X/S','',218,2180,37),
	 (19,'Sandisk Ultra 128Gb Sdxc - Tarjeta Memoria','',25,250,29),
	 (20,'Sandisk Ultra 512Gb Microsdxc Clase 10 - Tarjeta Memoria','',73,130,29);
INSERT INTO game.producto (codigo,nombre,edad_min,precio,puntos_game,codigo_fabricante) VALUES
	 (21,'Memoria Sandisk 128Gb Microsdxc Toad -Licencia Oficial-','',20,200,29),
	 (22,'Hogwarts Legacy Collector´s Edition PS5','12',300,3000,22),
	 (23,'Team Sonic Racing PS4','7',25,250,21),
	 (24,'Pokémon Escudo Nintendo Switch','7',50,500,16),
	 (25,'Tekken 7 Legendary Edition PS4','16',25,250,20),
	 (26,'Sonic Frontiers PS5','7',60,600,21),
	 (27,'Call Of Duty Modern Warfare PS4','18',40,400,13),
	 (28,'Need For Speed Heat Ultimate Edition PS4','16',80,900,18),
	 (29,'The Crew 2 PS4','12',25,250,17),
	 (30,'Doom - Slayers Collection PS4','18',55,550,15);

-- cliente
INSERT INTO game.cliente (codigo,nif,nombre,apellido1,apellido2,ciudad,domicilio,fecha_nac,vip) VALUES
	 (1,'53941450X','Luna','Puerto','Bautista','Almensilla','16 C. Concejal Juan Cabello Pérez','1997-11-12',1),
	 (2,'87246218L','Daniel','Puerto','Tomás','Almensilla','14 C. Concejal Juan Cabello Pérez','1985-12-27',1),
	 (3,'50355558W','Marina','Rubio','Flores','Mairena del Aljarafe','52 Calle La Sta. Maria','1998-05-03',0),
	 (4,'25376611K','David','Canovas','Calvo','Gines','4 Calle Ntra. Sra. del Rocío','1999-10-14',0),
	 (5,'84177670Q','Marcos','Dominguez','Llorente','Bollullos de la Mitación','31 C. Alfonso X','2000-12-05',0),
	 (6,'38114097S','Paco','Grande','Reina','San Juan de Aznalfarache','14 C. Victoria Kent','1995-03-15',1),
	 (7,'80764176K','Pilar','Marin','Ballesteros','Bollullos de la Mitación','23 C. Torre del Oro','1995-01-24',0),
	 (8,'78778324J','Maria','Perez','Ruiz','Bollullos de la Mitación','9 C. Sierra Mágina','1999-05-28',1),
	 (9,'81581295L','Juan','Diaz','Ferrero','Umbrete','10 C. Domingo Martinez','1990-07-10',0),
	 (10,'38769408X','Oliver','Atom','Queen','Bormujos','12 C. Cardenal Cisneros','1990-07-28',1);
INSERT INTO game.cliente (codigo,nif,nombre,apellido1,apellido2,ciudad,domicilio,fecha_nac,vip) VALUES
	 (11,'77257640L','Marta','Diaz','Reguilon','Sevilla','17 Av. las Asociaciones de Vecinos','2000-10-30',1),
	 (12,'41763368Z','Irene','Ortiz','Moreno','Benacazón','33 C. Pedro de la Rosa Fernández','1998-04-09',0),
	 (13,'90408119H','Juan Antonio','Arenas','Guerrero','Tomares','64 Alameda de Sta. Eufemia','1997-06-13',1),
	 (14,'65713814P','Hugo','Izquierdo','Carballo','Camas','18 Calle Turia','1989-08-24',0),
	 (15,'669538338','Melany','Ketteridge','Wennington','Dibulla','22579 Canary Crossing','1992-11-13',1),
	 (16,'815430467','Trip','Halbard','Scimonelli','Bojonghaur','0 Lotheville Hill','1993-01-04',0),
	 (17,'948107499','Monique','Vurley','Mowle','Hayange','1850 Fairview Junction','1994-02-17',1),
	 (18,'154465459','Sasha','Pye','Grent','Vreshtas','8 Westerfield Alley','1992-05-13',0),
	 (19,'480520553','Arte','Serrurier','Shadfourth','Châlons-en-Champagne','8745 Kensington Court','1994-05-28',1),
	 (20,'195622421','Sibelle','Ratledge','Devanny','Tongyu','407 Everett Lane','1993-03-22',0);
INSERT INTO game.cliente (codigo,nif,nombre,apellido1,apellido2,ciudad,domicilio,fecha_nac,vip) VALUES
	 (21,'615007935','Sawyer','Robertsen','Barstock','Nandong','6 Redwing Parkway','1986-03-24',0),
	 (22,'871947867','Annabela','Inger','Sexon','Honjō','866 Granby Circle','1986-07-13',1),
	 (23,'254562925','Rustie','Harsum','Kinset','Colombo','49466 Northwestern Court','1988-03-17',1),
	 (24,'824550485','Melba','Hrinishin','Firmager','Lattes','0802 Dapin Lane','1992-02-19',1),
	 (25,'857917215','Ralf','Wallman','Filipson','L''Épiphanie','89882 Walton Pass','1994-01-25',1),
	 (26,'472210661','Kenyon','Basey','Stapleton','Shanjiang','60 Kedzie Parkway','1985-01-02',0),
	 (27,'935344650','Jarvis','Crowdy','Khoter','Cachón','76 1st Avenue','1988-08-16',0),
	 (28,'607903899','Clayton','Twinterman','Oleksinski','Lingyang','46 Basil Center','2000-10-23',1),
	 (29,'970731061','Marlo','Bontoft','Sictornes','Cabaret','69510 Melrose Center','2001-08-26',0),
	 (30,'470053136','Dayle','Storm','Wegman','Cherëmushki','2259 Blaine Hill','1992-12-23',0);
INSERT INTO game.cliente (codigo,nif,nombre,apellido1,apellido2,ciudad,domicilio,fecha_nac,vip) VALUES
	 (31,'639468949','Monika','Alderman','Burt','‘Awaj','7266 Cardinal Place','1989-04-01',1),
	 (32,'332599171','Marlon','Midgley','MacLardie','Höganäs','9206 Brickson Park Hill','1992-01-27',1),
	 (33,'776296142','Theodora','Gilvear','Broseman','Neofbaun','161 Tomscot Terrace','1996-05-02',0),
	 (34,'599254594','Shaun','Abernethy','Hicklingbottom','Yermolino','50121 Springs Circle','1995-05-03',0),
	 (35,'889328653','Melonie','Tulley','McTeer','Panjakent','74414 Valley Edge Crossing','1985-08-29',1),
	 (36,'996348660','Pansie','Galloway','Penna','Merke','742 Jay Crossing','1995-04-01',1),
	 (37,'117030533','Talyah','Tremathick','Ellice','Gandra','527 Dixon Street','1992-10-18',0),
	 (38,'753350659','Aime','MacPeake','Bucklee','São Carlos','7431 Farwell Way','1985-03-19',1),
	 (39,'525636347','Putnam','Jeffers','Ottery','La Paz Centro','126 Towne Plaza','2000-03-02',0),
	 (40,'498390121','Kattie','Persence','Worsfold','Corralillo','28 Norway Maple Lane','1988-04-26',1);
INSERT INTO game.cliente (codigo,nif,nombre,apellido1,apellido2,ciudad,domicilio,fecha_nac,vip) VALUES
	 (41,'754132515','Trevor','Le Noir','Sallings','Bohorodchany','8 Magdeline Crossing','2001-06-24',0),
	 (42,'599191545','Joyous','Mingus','Durnford','Azua','18 Marquette Trail','1991-05-30',0),
	 (43,'164310604','Gustie','Blonden','Emanson','Chemnitz','631 Trailsway Park','1996-09-17',1),
	 (44,'984748324','Kellyann','Chataignier','Ivanyutin','Ordzhonikidzevskiy','20 Ridgeway Trail','1993-09-29',1),
	 (45,'494233308','Bernard','Lello','Gonzalez','Vorob’yovo','35 Twin Pines Hill','1997-07-31',0),
	 (46,'451423813','Bert','Kiljan','Valentin','Kanekomachi','8288 Oriole Hill','1997-09-28',1),
	 (47,'837329583','Hughie','Pottiphar','Delve','Michałowice','0246 Coleman Circle','1998-06-06',1),
	 (48,'317467782','Heath','Hatcliffe','Mirrlees','Daruoyan','151 Blue Bill Park Road','1986-02-18',1),
	 (49,'228010847','Maximo','Bevan','Kittiman','Banjar Paangkelod','07 Nancy Center','1990-11-22',0),
	 (50,'542795945','Bab','Kemetz','Bandey','Danderyd','07 Tony Drive','1989-06-29',0);
INSERT INTO game.cliente (codigo,nif,nombre,apellido1,apellido2,ciudad,domicilio,fecha_nac,vip) VALUES
	 (51,'536201889','Evania','Ivakhin','Deery','Luga','325 Northwestern Trail','1997-11-05',1),
	 (52,'297123016','Danni','Alston','Jacobowicz','Uttar Char Fasson','1 Glendale Trail','1994-07-26',0),
	 (53,'673934984','Itch','McNeish','Kettlesing','Asamboka','719 Union Point','1994-02-06',1),
	 (54,'436469638','Amara','Ramsby','Sexcey','Larap','070 Superior Junction','1986-03-25',1),
	 (55,'427826762','Amelie','Phillipp','Hookes','Trondheim','171 Prentice Road','1986-09-21',0),
	 (56,'337896652','Moria','Trewinnard','Trewett','Malinaw','4 Prairieview Circle','1998-01-25',0),
	 (57,'713903672','Meagan','Haney``','Cisson','Karlstad','50 Hermina Drive','1994-06-09',0),
	 (58,'856583914','Hurleigh','Burchill','Reimer','Smolenskoye','39971 Eagle Crest Road','1997-10-27',0),
	 (59,'593281221','Casar','Haig','Seakings','Novoorsk','49 Washington Street','1988-07-19',1),
	 (60,'138032816','Bennie','Kuhndel','Griffin','Grzmiąca','01 Crownhardt Trail','1994-09-28',0);
INSERT INTO game.cliente (codigo,nif,nombre,apellido1,apellido2,ciudad,domicilio,fecha_nac,vip) VALUES
	 (61,'391837639','Brandy','Thrussell','Norheny','Mazra‘at Bayt Jinn','84 Sage Crossing','1992-10-22',0),
	 (62,'921787175','Aubrie','Phipson','Embury','Lashio','8101 Gina Road','1998-07-08',1),
	 (63,'106537622','Agustin','Rodwell','Shard','Xihuaiba','232 Dwight Avenue','1988-08-22',0),
	 (64,'178536224','Amabelle','Woollhead','Bourdice','Vasil’yevskiy Mokh','6143 Bobwhite Avenue','1994-10-20',0),
	 (65,'168037126','Ingrim','Climance','Scholtis','Złotniki Kujawskie','14 Graedel Road','1999-11-24',0),
	 (66,'801064111','Marj','Huntington','Pfaffe','Hepu','08983 Transport Point','2001-02-08',1),
	 (67,'173658185','Sibylle','Brockie','Swadling','Talitsa','5187 Maryland Road','1996-06-19',0),
	 (68,'220286084','Betsy','Kemetz','Leverage','Sandefjord','723 Glacier Hill Point','1994-10-14',0),
	 (69,'468033440','Wilhelmina','Vaudrey','Bigmore','Raniżów','7516 Bultman Crossing','1992-03-04',1),
	 (70,'248063119','Corrine','Elsmore','Macquire','Alpedrinha','36487 Warner Street','1990-07-27',1);
INSERT INTO game.cliente (codigo,nif,nombre,apellido1,apellido2,ciudad,domicilio,fecha_nac,vip) VALUES
	 (71,'184393060','Magdaia','Issitt','Witch','Hebu','92 Stuart Alley','1987-04-05',0),
	 (72,'654419740','Fenelia','Stein','Jeays','Ovalle','659 Shelley Junction','1987-12-22',1),
	 (73,'232863419','Addi','Verdie','Dunican','Hasuda','9 Bartelt Terrace','1985-09-27',1),
	 (74,'743720104','Nertie','Knott','Malicki','Shuangshipu','22826 Basil Court','1992-06-19',0),
	 (75,'378054078','Merrili','Angeli','Devonshire','Jorf','30 Westerfield Court','1988-06-17',1),
	 (76,'396931861','Fredrika','Gaffer','Blumer','Karbinci','0 Sachtjen Trail','1999-10-10',1),
	 (77,'389422924','Katuscha','Slingsby','Spray','Perelhal','1259 Muir Center','1999-10-12',0),
	 (78,'317578363','Danny','Gothrup','Martynka','Businga','25357 Granby Road','1997-01-15',0),
	 (79,'991116427','Alvan','McKevitt','Fellows','Addiet Canna','3 Crest Line Road','1986-09-20',1),
	 (80,'536555380','Starlene','Cristoforo','Astill','Vrsi','155 Shoshone Road','2000-08-12',0);
INSERT INTO game.cliente (codigo,nif,nombre,apellido1,apellido2,ciudad,domicilio,fecha_nac,vip) VALUES
	 (81,'351647645','Viviyan','Perrott','Canape','Banjing','2 Cambridge Alley','2000-07-27',0),
	 (82,'567406867','Curtice','Gonning','Andree','Hägersten','91604 Sutteridge Point','1988-08-14',0),
	 (83,'761135645','Juditha','Cooch','Paullin','Gandiaye','74 Crescent Oaks Street','1999-04-23',0),
	 (84,'312961384','Morgan','Choppen','Deely','Petit Raffray','94 Springview Plaza','1985-09-14',1),
	 (85,'337304700','Mikaela','Noen','Tarbatt','Västra Frölunda','8 Canary Lane','1999-06-22',0),
	 (86,'422458714','Hoyt','Mordin','MacCarrane','Ayteke Bi','5800 Cardinal Junction','1986-01-21',0),
	 (87,'821996432','Bella','Petrovic','Baudino','Xiangshui','89896 New Castle Park','1986-02-08',1),
	 (88,'343471924','Harvey','McLeoid','Good','Marathon','956 Brentwood Trail','1993-05-02',1),
	 (89,'511528589','Eadmund','Carswell','Reiling','Baranovichi','8 Warrior Pass','1986-06-22',1),
	 (90,'606502923','Coop','Stroobant','Taree','Starobin','49911 Hoffman Circle','1987-05-01',1);
INSERT INTO game.cliente (codigo,nif,nombre,apellido1,apellido2,ciudad,domicilio,fecha_nac,vip) VALUES
	 (91,'922162305','Fenelia','Sterland','MacDermid','Sępopol','334 Erie Road','1987-10-08',0),
	 (92,'993492183','Thalia','Clowley','Tancock','Shixi','41329 Sauthoff Circle','1994-09-14',0),
	 (93,'441769695','Cahra','Ponter','Sante','Nizhniy Lomov','6129 Lindbergh Alley','1995-12-10',0),
	 (94,'593999565','Mohandis','Gery','Fane','Haikoudajie','20953 Green Junction','1993-07-27',0),
	 (95,'719098102','Casey','Orrell','Bernhart','Brzączowice','11 Red Cloud Trail','2000-06-25',0),
	 (96,'218132521','Ingaberg','Lecointe','McIver','Svalöv','35062 Anderson Junction','1988-01-09',1),
	 (97,'732611567','Gawain','Rehn','Borges','Gapluk','2180 Erie Avenue','1985-06-21',1),
	 (98,'345288675','Nehemiah','Batt','Flawn','Kushnytsya','0514 Sachs Street','2000-03-30',1),
	 (99,'387534194','Siegfried','Buckerfield','Faveryear','Wulipu','259 Oneill Hill','1990-05-25',1),
	 (100,'381084301','Adey','Walworth','Lotze','Balatun','311 Oakridge Avenue','1991-06-09',0);
INSERT INTO game.cliente (codigo,nif,nombre,apellido1,apellido2,ciudad,domicilio,fecha_nac,vip) VALUES
	 (101,'790197916','Zulema','Raffan','Collough','Tamansari','846 Waxwing Drive','1997-11-22',0),
	 (102,'566069368','Lurleen','Lippingwell','La Torre','Carlsbad','6 Badeau Terrace','1987-06-04',0),
	 (103,'985442421','Kenton','Aronov','Domnick','Fengyi','40478 Carpenter Avenue','1985-12-06',0),
	 (104,'788512656','Kristen','Elnor','Balbeck','Kōnosu','99099 Garrison Parkway','1999-06-01',0),
	 (105,'154840660','Marven','Marcinkus','Chill','Cambebba','05824 Everett Trail','1992-08-15',1),
	 (106,'527589349','Kennett','Pickle','Campbell','Wanfang','141 Chive Pass','2001-03-31',1),
	 (107,'569897776','Doug','Hedderly','Petherick','Svetlyy','92473 Lindbergh Junction','1994-03-18',1),
	 (108,'455441273','Clifford','Ollerearnshaw','Orsay','Porto de Mós','2 Portage Road','1991-12-31',0),
	 (109,'226736850','Karilynn','Bruyns','Aishford','Saparua','055 Dayton Way','2000-12-09',1),
	 (110,'936784701','Felike','Blastock','Ironmonger','Thành Phố Nam Định','32 Village Drive','1986-05-31',1);
INSERT INTO game.cliente (codigo,nif,nombre,apellido1,apellido2,ciudad,domicilio,fecha_nac,vip) VALUES
	 (111,'532526228','Peggi','Fellis','Gorton','Potou','76515 Sachtjen Drive','2001-09-16',1),
	 (112,'323673823','Mirna','Taft','Emmett','Wenquan','606 Transport Crossing','1995-07-05',1),
	 (113,'681691649','Aggie','Overel','Bennion','Sanchahe','04 Kenwood Road','1992-08-26',1),
	 (114,'474538503','Cristen','Rookwell','Prebble','Kolonia Town','2262 Bluejay Road','1988-09-15',0),
	 (115,'472135932','Neil','Merrisson','Queyos','Nantes','910 Harbort Terrace','1995-12-09',0),
	 (116,'502735342','Dav','Fredson','Klausewitz','Yaypan','059 6th Park','1990-12-27',0),
	 (117,'111194258','Errol','Gudde','Whyffen','Partille','4 Burrows Lane','1995-06-14',0),
	 (118,'622452146','Gilly','Laurenson','Bridgwood','Citeureup','32 Amoth Place','1985-01-15',0),
	 (119,'478551408','Kristopher','Bellison','Litterick','Hubei','72844 Dahle Hill','1989-10-21',1),
	 (120,'171990255','Cleo','Cranage','Wellbeloved','Sulangan','69 Drewry Parkway','1992-09-08',0);
INSERT INTO game.cliente (codigo,nif,nombre,apellido1,apellido2,ciudad,domicilio,fecha_nac,vip) VALUES
	 (121,'951457552','Bartlett','Steinor','Chrishop','Antou','237 Transport Trail','1992-12-20',0),
	 (122,'985454311','Norris','Fetherby','Ilyin','Mayenne','0177 Everett Point','1991-12-08',0),
	 (123,'271975588','Doreen','Marcu','Rudledge','Shadrinsk','3 Hollow Ridge Terrace','2000-08-27',1),
	 (124,'707160976','Marketa','Le Blond','Reynolds','Az Zubaydāt','0 Dawn Point','1985-05-11',0),
	 (125,'538929905','Wadsworth','Grishukhin','Beacock','Zhongshi','9467 Myrtle Crossing','1998-09-08',0),
	 (126,'952623754','Elisabeth','Houdhury','MacCleod','San Miguel','7 La Follette Alley','2001-05-23',0),
	 (127,'266411451','Tani','Wolford','Irnis','Xinning','69045 Evergreen Avenue','1999-06-08',1),
	 (128,'991061432','Alexei','Beche','Symson','Pejë','073 Bay Center','1993-08-28',1),
	 (129,'141514204','Cortie','Sharer','Kolakowski','Zhize','42150 Roth Street','1989-03-02',0),
	 (130,'324235890','Maisie','Chatfield','Curm','Hehe','4799 Cottonwood Hill','1997-10-22',1);
INSERT INTO game.cliente (codigo,nif,nombre,apellido1,apellido2,ciudad,domicilio,fecha_nac,vip) VALUES
	 (131,'642782594','Clayton','Rigge','Kniveton','Pong','173 Acker Parkway','1987-02-05',0),
	 (132,'120859360','Corny','Clifton','Nash','Kishkenekol’','33 Ilene Alley','1986-09-17',1),
	 (133,'428963454','Hodge','O''Hannay','Pieters','Złotniki Kujawskie','62 7th Way','1989-10-22',0),
	 (134,'634502167','Austen','Lexa','Jeffry','Phak Hai','35318 Cambridge Crossing','1985-09-04',1),
	 (135,'939352840','Drucy','Cristobal','Rossborough','Lugar Novo','6388 Harper Circle','1987-08-20',0),
	 (136,'344458525','Jeffry','Geeson','Kildale','Uthai Thani','595 Main Parkway','1987-03-21',0),
	 (137,'509440065','Giustina','Moff','Papaminas','Kaset Wisai','5644 Morning Hill','2001-10-31',0),
	 (138,'591600640','Jaynell','Rickarsey','Haggeth','Teodoro Sampaio','87 Milwaukee Plaza','1989-04-25',1),
	 (139,'300111229','Binnie','Mauser','Scuse','Liliana','755 Lake View Parkway','1995-07-07',0),
	 (140,'399942138','Vick','Halsall','Witchell','Jianshan','54538 Nevada Terrace','1990-09-18',0);
INSERT INTO game.cliente (codigo,nif,nombre,apellido1,apellido2,ciudad,domicilio,fecha_nac,vip) VALUES
	 (141,'343816039','Heinrick','Warne','Cregeen','Bergen','230 Lakewood Drive','1999-03-08',0),
	 (142,'364230172','Willis','Dellar','Glendenning','Palauig','788 Beilfuss Place','1987-02-25',1),
	 (143,'254806499','Brynne','Mighele','Platfoot','Tokār','1863 Waxwing Place','1994-03-10',1),
	 (144,'262418673','Pate','Archbould','Dufaire','Houxi','9208 Melrose Plaza','1989-07-02',0),
	 (145,'995080192','Marcel','Hargraves','Trainer','Osorno','56309 Haas Hill','1986-02-23',0),
	 (146,'200099445','Edin','Moulsdall','Marieton','Armação de Búzios','997 Pond Place','1993-11-16',1),
	 (147,'536980160','Margaretta','Allery','Causon','Tagkawayan Sabang','31 Brown Point','1994-06-26',1),
	 (148,'700846075','Timmie','O''Bradden','Helling','Matmata','008 Manitowish Point','1988-05-10',1),
	 (149,'542862283','Dallis','Brooksby','Hails','Paico','1689 Eastlawn Avenue','1994-02-26',0),
	 (150,'626206492','Jere','Robard','Millhill','Campos Novos','84 Starling Place','1990-04-05',1);
INSERT INTO game.cliente (codigo,nif,nombre,apellido1,apellido2,ciudad,domicilio,fecha_nac,vip) VALUES
	 (151,'526487416','Aidan','L''Amie','Gueinn','Ergates','144 John Wall Circle','1994-05-28',1),
	 (152,'693923703','Danya','Toolan','Lehrian','Chicago','1 Harper Lane','2000-09-18',1),
	 (153,'338773631','Christin','Woolmore','Lukasik','Zoushi','050 Dryden Trail','2001-12-08',1),
	 (154,'285978309','Lina','Liversedge','Vigours','Lazarevskoye','5948 Kropf Circle','1989-07-27',0),
	 (155,'585975738','Sim','Berfoot','Stollsteimer','Tomingad','963 Lyons Junction','1995-08-17',0),
	 (156,'896352313','Linzy','Shillom','Honnicott','Du’ermenqin','86 Northland Court','1986-04-26',1),
	 (157,'897195754','Hillier','Mackison','Dutchburn','Bačka Topola','97 Nova Plaza','1996-03-23',1),
	 (158,'767593989','Egor','Dallman','Jaycocks','Magsalangi','8 Brentwood Drive','2000-12-11',1),
	 (159,'977090496','Richy','Marnane','Bottomley','Moravský Beroun','7908 Montana Place','1989-09-03',1),
	 (160,'855243016','Aurthur','De Bellis','Bourchier','Laoxialu','094 Holmberg Hill','1997-07-21',1);
INSERT INTO game.cliente (codigo,nif,nombre,apellido1,apellido2,ciudad,domicilio,fecha_nac,vip) VALUES
	 (161,'687915579','Ase','Canellas','O Sullivan','Banjarwaru','4083 Mitchell Pass','2000-02-10',0),
	 (162,'678594447','Rivalee','Chainey','Harrow','Tejen','66935 Saint Paul Junction','2000-11-24',0),
	 (163,'396498837','Drusi','Sedger','MacLaig','Épinal','75 Beilfuss Plaza','1988-05-22',0),
	 (164,'280349433','Ileane','Menicomb','Sher','Cigaras','7412 Waxwing Point','1994-08-31',0),
	 (165,'155854539','Orsa','Sorsby','Minchella','Solomenskoye','23376 Maryland Lane','1997-02-09',1),
	 (166,'806074386','Ron','Maltster','Quarrell','Jiaoba','21788 International Junction','1999-05-17',0),
	 (167,'705940013','Martica','Greenhill','Lyffe','Shibushi','391 Darwin Court','1986-11-15',1),
	 (168,'611467404','Teddie','Tineman','Lappine','Rio Negrinho','6161 Arapahoe Point','1993-08-03',0),
	 (169,'338256144','Jessi','Stanton','Lucien','Lālmohan','571 Crownhardt Court','1991-11-05',1),
	 (170,'293657766','Mandel','Kiefer','Hrinishin','Nancha','1 Nova Parkway','1991-06-30',1);
INSERT INTO game.cliente (codigo,nif,nombre,apellido1,apellido2,ciudad,domicilio,fecha_nac,vip) VALUES
	 (171,'684135456','Ardeen','Castagnet','Arnhold','Blagodarnyy','5904 Muir Crossing','1996-11-22',1),
	 (172,'645967020','Elsy','Fitzsymons','Tethcote','Balayang','8 Fallview Park','1996-01-24',0),
	 (173,'486290640','Aldwin','Tunbridge','Ramshaw','Sernur','67 Green Place','1992-06-15',1),
	 (174,'773908038','Randy','Forlonge','Peyes','Parabon','0521 Elka Parkway','2000-10-28',0),
	 (175,'264000548','Rik','Agney','Piers','Lisovi Sorochyntsi','2 Sutherland Circle','1986-12-15',0),
	 (176,'322324777','Karylin','Loftus','Semechik','Shanmu','21482 School Crossing','2000-03-19',0),
	 (177,'326207705','Orlando','Berndsen','Lown','Sawahan','915 Redwing Pass','1995-07-26',0),
	 (178,'845153142','Kristine','Wharf','Cain','Kamphaeng Phet','80 Westport Plaza','1998-10-24',0),
	 (179,'565743863','Emlyn','Sivell','Cristofaro','Gostilitsy','3056 Donald Trail','1986-05-06',1),
	 (180,'713747790','Melvyn','Eakley','Chatainier','Shiye','19 Almo Road','1986-11-27',1);
INSERT INTO game.cliente (codigo,nif,nombre,apellido1,apellido2,ciudad,domicilio,fecha_nac,vip) VALUES
	 (181,'343537099','Helaina','Easterby','Bach','Tršić','3250 Schlimgen Street','2000-10-14',0),
	 (182,'451291401','Berty','Gwatkin','Hodcroft','Barra do Corda','6 Paget Pass','2000-02-20',0),
	 (183,'247438128','Tommie','Fynan','Di Boldi','Drammen','899 Lillian Alley','1992-09-03',0),
	 (184,'778614241','Cathie','Challender','Rein','Sancang','93321 Center Place','1994-06-18',1),
	 (185,'165955587','Taddeusz','D''Aubney','Camili','Freiria','95341 Moose Avenue','1987-07-24',1),
	 (186,'539044097','Miquela','Vakhlov','Sander','Boissevain','11613 Loftsgordon Parkway','1998-04-30',1),
	 (187,'778740178','Orin','Bannester','Abendroth','Efeng','3513 La Follette Road','1999-07-29',1),
	 (188,'193678859','Germana','Scyner','Pebworth','Santana do Livramento','81 Di Loreto Court','1986-01-21',1),
	 (189,'528455633','Frasier','Brookshaw','Camellini','Mirriah','6 Sommers Circle','1999-11-25',0),
	 (190,'272452278','Phil','Ainslee','Howsego','Ede','53 Bunker Hill Circle','1988-10-07',1);
INSERT INTO game.cliente (codigo,nif,nombre,apellido1,apellido2,ciudad,domicilio,fecha_nac,vip) VALUES
	 (191,'997479792','Victor','Hully','Ostridge','Cikeper','9074 Wayridge Junction','1986-08-14',1),
	 (192,'697611488','Edvard','Goudy','Teulier','Qalyūb','88142 Calypso Lane','1999-03-16',1),
	 (193,'836013463','Skippie','Swannell','Connold','Wang Chan','4185 Carpenter Court','1987-12-05',0),
	 (194,'590128644','Mycah','Loughnan','Fogel','Sukth','54 Mayer Street','1989-08-02',0),
	 (195,'763987932','Jonell','Ogdahl','Blincow','Trnava','5 Bay Hill','1995-07-07',0),
	 (196,'569953818','Tamra','Golsby','Beaman','Cigebrok','7891 Rusk Pass','1988-07-04',0),
	 (197,'179729247','Carol','Ibell','Piatti','Ankazoabo','31613 Sutherland Pass','1997-04-27',0),
	 (198,'371316101','Harrie','Danielkiewicz','Biggerstaff','Quận Mười','7 Saint Paul Plaza','1985-09-01',0),
	 (199,'511618199','Loreen','Donnison','Maginn','Chahe','6 Prentice Junction','1986-07-03',0),
	 (200,'998585230','Kettie','Calltone','Mosdall','Manoel Urbano','46 Ilene Way','1997-10-01',0);
INSERT INTO game.cliente (codigo,nif,nombre,apellido1,apellido2,ciudad,domicilio,fecha_nac,vip) VALUES
	 (201,'422553793','Tonia','Korpal','Lapsley','Paidha','561 Crownhardt Road','1995-09-21',1),
	 (202,'368208095','Hurlee','Ropp','Soar','Prainha de Baixo','238 Northfield Way','1992-04-04',1),
	 (203,'304199540','Myrtle','Evetts','Lindenman','Ludvika','1604 Hauk Pass','1989-06-05',0),
	 (204,'178290886','Nadiya','Jaffrey','Swyne','Kansas City','7762 Spohn Drive','1996-03-05',0),
	 (205,'877872787','Tricia','Slowley','Calver','Paclolo','776 Jana Drive','1999-02-04',1),
	 (206,'653571041','Dominica','Takle','Keyes','Pyzdry','8 Oxford Pass','1999-08-19',1),
	 (207,'440174897','Phoebe','Mensler','Stapylton','Castellon De La Plana/Castello De La Pla','007 Jenna Place','1992-03-15',0),
	 (208,'325169441','Reinwald','Siburn','Gaymer','Jetis','36 East Crossing','1994-05-23',0),
	 (209,'951367068','Emelita','Dellatorre','Snalom','Tafo','2 Hanover Way','1995-07-18',1),
	 (210,'188548373','Chanda','Gabb','O'' Liddy','Fenghuo','1145 Thierer Crossing','1987-09-30',1);
INSERT INTO game.cliente (codigo,nif,nombre,apellido1,apellido2,ciudad,domicilio,fecha_nac,vip) VALUES
	 (211,'334001715','Pace','Earry','Szantho','Yutsa','9 Lillian Pass','1997-12-28',0),
	 (212,'384037318','Michail','Eagers','Haydney','Telsiai','3 Northport Pass','1997-03-21',1),
	 (213,'646108147','Mauricio','Esh','Coyett','Coalaque','063 Rusk Hill','1996-07-11',1),
	 (214,'591173745','Willamina','Murfett','Hollerin','Xia’ertai','25 Hallows Court','1993-10-09',1),
	 (215,'556152640','Gaye','Clingan','Magrane','Belfort','4116 Comanche Parkway','1988-07-20',0),
	 (216,'730931503','Travus','Arsmith','Guiet','Banjar Bongangede','2 Maple Way','1985-02-08',1),
	 (217,'137329547','Morgan','Gilliland','Sigg','Unisław','215 Dayton Point','1986-10-25',1),
	 (218,'144289880','Alasteir','Roseblade','Scriviner','Antsohimbondrona','47 Lyons Parkway','1988-10-30',1),
	 (219,'521078972','Karena','Donoghue','Stuchberry','San Nicolás','5602 Crowley Pass','1996-11-04',1),
	 (220,'211355841','Maureene','Biset','O''Fielly','Bouctouche','924 Bayside Way','1993-01-05',0);
INSERT INTO game.cliente (codigo,nif,nombre,apellido1,apellido2,ciudad,domicilio,fecha_nac,vip) VALUES
	 (221,'878187584','Geordie','Matthesius','Lemonby','Leeuwarden','3226 Raven Lane','1986-08-07',1),
	 (222,'363257437','Toddy','Bollam','Gumary','Digne-les-Bains','782 Coleman Plaza','1993-06-23',1),
	 (223,'410143713','Tova','Cruikshank','Kenna','El Colorado','23243 Anthes Crossing','1997-03-30',0),
	 (224,'328236595','Brittney','Beardsell','Berrisford','Bi’r al ‘Abd','5 Cardinal Pass','1997-07-28',0),
	 (225,'965766558','Imogen','Akess','Rudiger','Guadalupe','3 Towne Alley','1988-03-25',1),
	 (226,'357816228','Kristos','Dancey','Chipman','Wutumeiren','512 Corscot Trail','1993-01-09',1),
	 (227,'185626149','Steffi','Paolazzi','Dominec','Masparrito','70 Bobwhite Drive','1985-09-28',1),
	 (228,'982702406','Dilan','O''Lyhane','Losbie','Vylkove','503 Stang Road','1989-02-01',1),
	 (229,'624357343','Jordan','Antognoni','Muckeen','Ebute Ikorodu','5 Lakewood Gardens Point','1996-01-08',1),
	 (230,'395490296','Regan','Chennells','Wohlers','Fukuchiyama','88989 Ryan Alley','1998-02-03',0);
INSERT INTO game.cliente (codigo,nif,nombre,apellido1,apellido2,ciudad,domicilio,fecha_nac,vip) VALUES
	 (231,'750132260','Mendie','Beeho','Spurr','Jamaica','9 Judy Avenue','1991-06-13',1),
	 (232,'659599853','Antonie','Snowball','Amies','Debelets','139 Lakewood Gardens Terrace','1993-09-16',1),
	 (233,'500019673','Timotheus','Curnick','Kidson','Purwosari','753 Bowman Lane','1985-09-09',0),
	 (234,'676655032','Salvidor','Paramore','Bentick','Maple Creek','6 Holy Cross Circle','1992-07-11',0),
	 (235,'785821940','Caddric','Cluney','Kubicka','Soufrière','15773 Monterey Crossing','1989-05-09',0),
	 (236,'290383682','Faustine','Baudinelli','McRavey','Nagbacalan','89225 Schiller Crossing','1992-12-19',0),
	 (237,'982569975','Ali','Fearns','Aubert','Klimavichy','4921 Spenser Trail','2000-01-08',0),
	 (238,'946569937','Leonerd','Oattes','Wrightam','Priekule','9 Northridge Street','1994-03-16',1),
	 (239,'318120841','Maddie','Roblett','Burrel','Beverwijk','064 Dawn Parkway','2000-03-16',0),
	 (240,'253871536','Marten','Stubbley','Biasio','Kax','498 Farmco Hill','1989-07-26',1);
INSERT INTO game.cliente (codigo,nif,nombre,apellido1,apellido2,ciudad,domicilio,fecha_nac,vip) VALUES
	 (241,'651120822','Marnia','Murray','Stanistreet','Mingshui','8156 Anhalt Avenue','1987-03-24',1),
	 (242,'415269587','Ronald','Rossbrook','Redman','Rosh Pinna','325 Norway Maple Hill','1985-09-06',1),
	 (243,'375947353','Freddie','O''Henecan','Woolley','Quebradas','43132 Johnson Alley','1999-09-16',0),
	 (244,'774861173','Arleyne','Dendon','O''Hoolahan','Gaoleshan','13573 Mariners Cove Plaza','1998-03-23',0),
	 (245,'238876313','Ralf','Klimmek','Cuff','Abóboda','8 Columbus Court','1994-09-04',0),
	 (246,'757744115','Cecil','Cluderay','Paddle','Dongdu','54717 Hovde Avenue','1994-10-24',0),
	 (247,'405892968','Skip','Slad','Werndly','La Breita','24630 Sugar Lane','1990-06-24',1),
	 (248,'642992603','Natty','Izen','Alfonso','Shuangyang','78221 Bunker Hill Street','2001-02-27',0),
	 (249,'534064301','Gisele','Remnant','Illesley','Lianshi','120 Briar Crest Plaza','1996-09-24',0),
	 (250,'795805879','Meris','McCoy','Foottit','Fraga','15856 Park Meadow Junction','1989-09-18',1);
INSERT INTO game.cliente (codigo,nif,nombre,apellido1,apellido2,ciudad,domicilio,fecha_nac,vip) VALUES
	 (251,'911818574','Worden','Antosik','Gumm','Delft','1541 Crownhardt Point','1990-05-02',1),
	 (252,'663273011','Boris','Withrington','Hue','Olympia','121 Chive Point','1986-01-07',1),
	 (253,'201063733','Pancho','Boggs','Bleiman','Ronggo','037 Welch Park','1988-05-16',1),
	 (254,'172924509','Harmon','McOmish','Iveson','Lelkowo','44268 Mayer Court','1998-03-28',1),
	 (255,'551529169','Gae','Partridge','Thomassen','Yafran','2 Bluestem Junction','1993-05-01',1),
	 (256,'363512621','Francisco','Sheffield','oldey','Hecun','43297 Karstens Place','1991-06-08',0),
	 (257,'634169429','Rustin','Pheasant','Keaveny','Ingeniero Guillermo N. Juárez','3437 Banding Park','1994-09-09',0),
	 (258,'267824850','Adelina','Lawes','Tancock','Bungo-Takada-shi','64 Vermont Terrace','1991-05-10',1),
	 (259,'832069460','Barry','Faustin','MacInherney','Kokas','7075 Trailsway Parkway','2000-10-21',1),
	 (260,'241935289','Clara','Camplejohn','Paule','Rio Grande da Serra','883 Morningstar Terrace','1998-07-06',0);
INSERT INTO game.cliente (codigo,nif,nombre,apellido1,apellido2,ciudad,domicilio,fecha_nac,vip) VALUES
	 (261,'496256586','Jenda','Gosson','Aylwin','Xiongzhou','9887 Westerfield Plaza','1994-08-13',1),
	 (262,'721483127','Clint','Copson','McQuilty','Honolulu','6962 Blaine Way','1992-08-19',0),
	 (263,'755376185','Hannah','Griston','Thurlbourne','Christchurch','810 Jay Drive','1988-10-10',0),
	 (264,'788481570','Mason','Bartalucci','Bissatt','Igarapé Açu','38 Myrtle Terrace','1989-11-23',0),
	 (265,'846523545','Bennie','Davoren','McKimmey','Arboga','900 Clarendon Drive','1988-03-25',1),
	 (266,'145888164','Inge','Ivell','Pentecost','Biskamzha','89 Weeping Birch Center','1993-09-01',0),
	 (267,'369332405','Nell','Tarbox','Harbage','Ban Mo','31 Talmadge Way','2001-05-19',0),
	 (268,'300652959','Josy','Bonner','Manchester','Pasar Kulon','7 Artisan Way','1995-06-27',1),
	 (269,'611445890','Bobbi','Greenway','Freke','Valašská Polanka','4933 Village Court','1998-02-08',1),
	 (270,'629805386','Fidelia','Georges','Clink','Yoiqag','3 Hazelcrest Point','1997-12-19',0);
INSERT INTO game.cliente (codigo,nif,nombre,apellido1,apellido2,ciudad,domicilio,fecha_nac,vip) VALUES
	 (271,'412074396','Fredia','Stiling','Larwell','Nanyuan','7334 Lawn Trail','1995-09-16',1),
	 (272,'332118603','Loralyn','Chardin','Waterhouse','Boca Raton','1351 Merrick Crossing','1989-11-02',1),
	 (273,'120673264','Ruby','O''Hear','Madden','Unawatuna','85 Buhler Parkway','1999-06-04',0),
	 (274,'320747467','Gennie','Orable','Maxfield','Gao’an','48079 Mallard Pass','1998-12-07',1),
	 (275,'373685064','Gabie','Vahey','Baldung','Pendembu','8 Bartillon Junction','2001-02-08',1),
	 (276,'863722325','Karel','Leate','Ranscombe','Hengliang','31 Barnett Point','2001-06-23',0),
	 (277,'742432593','Gibb','Asey','Decker','Gemo','29565 Comanche Trail','1998-05-23',0),
	 (278,'899329459','Gwen','Waterstone','Wrought','Robertsfors','451 Prentice Alley','1991-03-10',1),
	 (279,'172660547','Obie','Davydoch','Mathon','Laem Sing','83 Jenifer Junction','1999-12-06',0),
	 (280,'377377126','Joshua','Noweak','Edmands','Järna','173 Oak Point','1988-04-24',1);
INSERT INTO game.cliente (codigo,nif,nombre,apellido1,apellido2,ciudad,domicilio,fecha_nac,vip) VALUES
	 (281,'792506503','Tommy','Mossdale','Shrigley','Moose Jaw','599 Golf Street','1991-12-10',1),
	 (282,'901889859','Lydie','Dunsmuir','Granham','Goraj','63778 Dovetail Terrace','1987-07-19',0),
	 (283,'644824554','Morry','Blowing','Mc Gaughey','Arranhó','3 Washington Terrace','1990-09-15',0),
	 (284,'497071983','Price','Grundy','Jessup','Lokossa','4325 Monument Circle','1987-07-12',1),
	 (285,'951854592','Yanaton','McMeyler','Plinck','Ngreco','676 Claremont Way','2000-03-07',0),
	 (286,'236150067','Gladys','Touret','Kinneally','Liverpool','40 Brown Road','1998-12-27',0),
	 (287,'973632732','Sacha','Essex','Davydoch','Daogao','78632 Bellgrove Place','1990-01-15',1),
	 (288,'601185818','Duncan','Monier','Guillart','San Francisco','9076 Forster Park','2000-09-20',1),
	 (289,'985638597','Emanuel','Spilling','MacKill','Tindog','5 Vermont Street','1992-03-28',1),
	 (290,'596971689','Evelyn','Purton','Chaperling','Bol’shoy Karay','10107 Esker Way','1999-08-16',1);
INSERT INTO game.cliente (codigo,nif,nombre,apellido1,apellido2,ciudad,domicilio,fecha_nac,vip) VALUES
	 (291,'757352908','Noella','Nyssens','Vanner','Tielu','02 Drewry Parkway','1996-11-16',0),
	 (292,'584929144','Coreen','Croizier','Gaitley','Benito Juarez','16 David Trail','1996-03-22',1),
	 (293,'397355186','Elihu','Humbee','Oaker','Santa Teresa','132 Laurel Terrace','2000-01-02',1),
	 (294,'878150528','Andrei','Huge','Yetts','Quán Hành','746 Blaine Street','1994-06-24',0),
	 (295,'689250490','Burgess','Dobbison','Skully','Остров Пасхи','62 Chinook Plaza','1987-12-11',1),
	 (296,'654365416','Yoshiko','Baigent','Torvey','Machov','19057 Rowland Plaza','1995-04-08',1),
	 (297,'934924639','Harley','Falkingham','Lace','Luleå','62684 Algoma Point','1999-01-10',1),
	 (298,'694123341','Hamilton','Jochanany','Vivians','Wuxue Shi','6825 American Ash Road','1996-02-12',1),
	 (299,'716246088','Shayla','Smails','Jorioz','Dolní Libina','84439 Sutherland Street','1999-06-12',0),
	 (300,'802330187','Christa','Eykelbosch','Pottle','Shuitian','70727 Mifflin Way','2001-02-03',1);
INSERT INTO game.cliente (codigo,nif,nombre,apellido1,apellido2,ciudad,domicilio,fecha_nac,vip) VALUES
	 (301,'591842776','Ynez','Reglar','Aslen','Talpe','81 Dryden Hill','2000-11-27',1),
	 (302,'330695482','Ogdan','Maven','Vaggs','Yishi','60 Sage Trail','2000-05-01',1),
	 (303,'727308631','Pietra','Bullerwell','Klimowicz','Charopó','672 Longview Road','1985-09-13',1),
	 (304,'593799093','Pepita','Putten','Mapples','Shihuiqiao','61 Claremont Junction','1985-11-29',0),
	 (305,'399522136','Sheelagh','Leneve','Presland','Williamsfield','8 Hudson Terrace','2000-08-16',1),
	 (306,'163457508','Ellis','Sibbert','Leeke','Boshan','844 Spohn Lane','1989-10-14',1),
	 (307,'256317497','Mady','Cuckson','Macveigh','Melekeok Village','2345 Tony Trail','1985-03-14',0),
	 (308,'639130018','Simona','Mullan','Vian','Jubb Ramlah','93 Birchwood Avenue','1994-05-04',1),
	 (309,'909321073','Bernie','Tuke','Nelle','Seixo Alvo','84 Melrose Pass','1987-10-09',1),
	 (310,'545914559','Barry','Wattam','Barnsdall','Cujillo','25 Columbus Parkway','2000-08-12',0);
INSERT INTO game.cliente (codigo,nif,nombre,apellido1,apellido2,ciudad,domicilio,fecha_nac,vip) VALUES
	 (311,'109192987','Chicky','McKerley','Danhel','Fukayachō','058 Hudson Center','1999-04-24',1),
	 (312,'986159101','Camey','Dumbar','Ivanishev','Oslomej','57736 Mccormick Parkway','2001-12-05',1),
	 (313,'954247066','Shaine','Pargeter','Emanson','Langpas','3989 Dapin Road','1989-05-20',1),
	 (314,'957819145','Dud','Dust','Sawnwy','Renhe','90149 Farmco Park','1996-12-23',1),
	 (315,'910314854','Dinnie','Dossetter','Smithend','Alubijid','89 Amoth Drive','2001-06-28',0),
	 (316,'264303538','Rosella','Pugh','Firle','Suileng','25159 Green Point','1986-01-21',1),
	 (317,'585032650','Inglebert','Hannaford','Delany','Bangluo','86 Judy Drive','1995-01-25',0),
	 (318,'588434221','Cristin','Hamlington','Peedell','Ōmuta','6816 Menomonie Way','1996-03-16',0),
	 (319,'538872302','Desiri','Lewson','Tremayle','Azteca','499 Dennis Point','1988-05-03',1),
	 (320,'670136996','Alisa','Spencer','Aiston','Shurugwi','5153 Evergreen Plaza','1988-04-02',1);
INSERT INTO game.cliente (codigo,nif,nombre,apellido1,apellido2,ciudad,domicilio,fecha_nac,vip) VALUES
	 (321,'377906436','Dominga','Clopton','Reskelly','Mayang','24860 Fordem Circle','1990-09-08',0),
	 (322,'284988260','Wash','Duck','Hatfield','Oygon','35739 Northland Crossing','1997-10-28',0),
	 (323,'669540173','Emlynn','Pablos','Ledrane','Umbulan','22 Stephen Avenue','1990-10-11',0),
	 (324,'753427606','Suzann','Gerardi','Fluit','Vale de Figueira','39 Trailsway Trail','1994-08-16',0),
	 (325,'784718727','Charmane','O''Moylane','Yggo','Erling','12 Talisman Place','1994-06-13',0),
	 (326,'746675426','Richie','Quirke','Burstowe','Tampa','97 Northwestern Avenue','1997-03-21',1),
	 (327,'258004489','Pren','Whitfeld','Gunnell','Tugela Ferry','2176 Emmet Trail','1989-01-18',0),
	 (328,'552776528','Stephen','Loreit','Westgate','Vallauris','80 Mariners Cove Pass','2000-03-16',0),
	 (329,'823914667','Harlie','Grimsell','Dondon','Yujiawu','8868 Bartelt Terrace','1998-02-26',1),
	 (330,'131393545','Thorny','Felstead','Dobey','Nioro','180 Jay Street','1993-12-15',0);
INSERT INTO game.cliente (codigo,nif,nombre,apellido1,apellido2,ciudad,domicilio,fecha_nac,vip) VALUES
	 (331,'292028064','Vasily','Bener','Gorton','Non Sung','2255 Kim Crossing','1989-10-24',1),
	 (332,'836851383','Shaine','Tarpey','Ruppelin','Stockholm','44 Hanson Pass','1998-03-25',1),
	 (333,'585045879','Mildred','Kerton','Jeff','Zaokskiy','2995 Waubesa Trail','2001-03-02',0),
	 (334,'330623526','Gusti','Vannoni','Mackney','Pandan Niog','924 Dexter Circle','1988-03-19',0),
	 (335,'477701256','Dominick','Critcher','Sutty','Águas','30 Gina Hill','1987-02-15',0),
	 (336,'780029414','Selie','Dobbson','Mc Grath','Tambong','620 Delladonna Plaza','1990-04-30',0),
	 (337,'835821040','Helsa','Colthard','Pywell','Vimmerby','721 Menomonie Hill','1998-02-18',1),
	 (338,'877792257','Wilton','Rissen','Stanmer','Puerto Deseado','11 Londonderry Place','1989-08-11',1),
	 (339,'543338433','Jenda','Wride','Ivashov','Baku','28 Sutteridge Court','1993-11-08',1),
	 (340,'917715447','Bil','Gaunter','Leal','Mtsensk','7617 Tennyson Hill','1995-04-27',0);
INSERT INTO game.cliente (codigo,nif,nombre,apellido1,apellido2,ciudad,domicilio,fecha_nac,vip) VALUES
	 (341,'362139357','Mariam','Boulder','Beade','Mosteiros','4635 Autumn Leaf Junction','1997-01-25',0),
	 (342,'389511103','Dorice','Whyler','Schumacher','Gujba','38316 Kipling Place','1989-06-16',0),
	 (343,'328371570','Tadio','Nuzzetti','Bolte','Gävle','01547 Main Junction','1995-03-16',0),
	 (344,'480312168','Justinn','Redler','Ugolini','Baranowo','58 Menomonie Junction','1992-02-13',1),
	 (345,'490563118','Karita','Izak','Kirrage','Neftegorsk','68 Westerfield Way','1991-02-19',0),
	 (346,'684792035','Tildie','Tibbles','Raden','Largo','437 Rutledge Crossing','1995-11-13',0),
	 (347,'354792049','Theodoric','Papaccio','Welham','Zhenjiang','93242 Moland Road','1988-09-20',0),
	 (348,'316729969','Annalee','Goldsberry','Fillan','Lille','335 Darwin Drive','1991-02-16',1),
	 (349,'689340769','Loralie','Beldum','Jenton','Lianyi','846 Kinsman Street','1985-12-07',1),
	 (350,'692157134','Jae','Gisburn','Tavinor','Pryazha','13 South Circle','1988-10-10',1);
INSERT INTO game.cliente (codigo,nif,nombre,apellido1,apellido2,ciudad,domicilio,fecha_nac,vip) VALUES
	 (351,'518971268','Gisella','Grinov','Penas','Magallanes','26975 Summit Court','1999-12-02',1),
	 (352,'594103651','Conni','Rayer','Ilieve','Książki','40448 Southridge Alley','1986-06-11',0),
	 (353,'535664664','Karylin','Atkirk','Forcer','Fumin','9694 Fordem Avenue','1994-01-07',0),
	 (354,'753832170','Cherilynn','Magister','Laurenceau','Santa Fe','63 Morning Trail','1985-10-26',1),
	 (355,'479523072','Shani','McCathay','Angerstein','Bor Tungge','32123 Ohio Drive','1993-02-17',0),
	 (356,'416642872','Kerr','Lynett','Pender','Volosovo','9593 Northview Street','2001-09-01',0),
	 (357,'741209647','Tiphani','Kinder','Petrozzi','San Vicente','57215 Packers Center','2000-12-08',0),
	 (358,'561995222','Maxy','Nevitt','Garlant','San José de Bocay','6 Calypso Circle','1990-07-30',0),
	 (359,'645511920','Marji','Alderman','Dungate','Huangban','9 Porter Center','1986-10-11',1),
	 (360,'846890266','Cheri','Pelos','Jedrzejczyk','Yaosai','211 Lien Hill','1998-10-04',1);
INSERT INTO game.cliente (codigo,nif,nombre,apellido1,apellido2,ciudad,domicilio,fecha_nac,vip) VALUES
	 (361,'545782659','Ursulina','Rosenhaupt','Abells','Merke','495 Oriole Circle','1985-05-12',1),
	 (362,'576703421','Huntington','Doust','Liddyard','Nikhom Kham Soi','69415 Spohn Crossing','1994-05-25',0),
	 (363,'819800670','Efrem','Hateley','Longridge','Tupambaé','21 Dennis Hill','1995-09-20',0),
	 (364,'754661535','Twyla','Switland','Litel','Örebro','50 Bobwhite Center','1987-12-01',0),
	 (365,'698263536','Brander','Durtnall','Hurche','Geji','62 Gina Drive','1987-11-15',0),
	 (366,'229636807','Eliot','Balmadier','Bachelar','Ożarów','75 Bunker Hill Circle','1993-10-26',1),
	 (367,'465094484','Tally','McKillop','Pideon','Amboanjo','4 Merry Place','1992-08-28',1),
	 (368,'524765801','Hilary','Zanetto','Corneljes','Segezha','9 Burrows Circle','1999-08-16',0),
	 (369,'720978862','Dennison','Weatherhill','Sinclair','Simod','83 Straubel Alley','1985-05-22',1),
	 (370,'225846563','Melvyn','Casacchia','Leitche','Laoxingchang','6843 Clyde Gallagher Center','1999-09-25',1);
INSERT INTO game.cliente (codigo,nif,nombre,apellido1,apellido2,ciudad,domicilio,fecha_nac,vip) VALUES
	 (371,'587110404','Britt','Mitie','Craddock','Allkaj','5 Brown Alley','1992-03-24',0),
	 (372,'555603568','Corinna','Dickey','Ruprecht','Jingkou','1275 Eastlawn Center','1993-05-25',1),
	 (373,'100327111','Lannie','Gamell','Kares','Maoping','29179 West Junction','1998-09-24',1),
	 (374,'754623166','Allie','Lorenzini','Birdseye','Ketara','85 Becker Way','1998-09-12',1),
	 (375,'682852344','Janot','Beatson','Brown','Heshui','09838 Paget Drive','2000-12-03',0),
	 (376,'303689866','Laurie','Gommey','Zannini','Karakul’','649 Buena Vista Avenue','2000-04-05',0),
	 (377,'726640021','Bradly','Sondland','Mays','Tranås','05726 Corry Road','2000-12-26',1),
	 (378,'501225325','Emmye','Preedy','Strainge','Buda-Kashalyova','5 Messerschmidt Drive','1989-02-08',0),
	 (379,'571558587','Ignatius','Quested','Wrinch','Wenping','32481 Havey Center','1988-12-07',0),
	 (380,'172452504','Donella','Lawler','Bothwell','Dragomer','0584 Sugar Circle','1986-07-02',0);
INSERT INTO game.cliente (codigo,nif,nombre,apellido1,apellido2,ciudad,domicilio,fecha_nac,vip) VALUES
	 (381,'659074903','Darcy','Watson-Brown','Shallcrass','Novopokrovskaya','2503 Hoffman Junction','1991-11-20',1),
	 (382,'437736574','Antoni','O''Beirne','Petchey','Al Manşūrah','2 Dwight Hill','1999-08-20',1),
	 (383,'304061757','Adey','Rablin','Wederell','Mashan','17209 Steensland Place','1988-09-14',1),
	 (384,'446482462','Gerald','Klugman','Scolts','Xarag','79 Eastlawn Center','1990-01-20',1),
	 (385,'473989456','Sybilla','Albers','Benmore','Houilles','330 Northwestern Drive','2000-01-01',1),
	 (386,'371431551','Stanton','Sawforde','Gotcliff','Fresno','44073 Bay Drive','1994-04-20',0),
	 (387,'353488862','Pryce','Garn','Parker','Wuma','4 Londonderry Terrace','1986-12-18',0),
	 (388,'822510190','Lem','Grishukhin','Dunderdale','Novoukrayinka','092 Dawn Plaza','1989-03-18',1),
	 (389,'200313409','Samantha','Maddy','Segeswoeth','Milevsko','8 Erie Park','1995-05-24',1),
	 (390,'456420006','Margaux','Impy','Duker','Bandhagen','3073 Meadow Vale Lane','1987-08-19',0);
INSERT INTO game.cliente (codigo,nif,nombre,apellido1,apellido2,ciudad,domicilio,fecha_nac,vip) VALUES
	 (391,'394761646','Gabie','McVane','Cass','Sijihong','1393 West Point','1994-08-27',0),
	 (392,'759776673','Laughton','Wagon','Ferronier','Curumaní','6 Hooker Court','1993-10-20',1),
	 (393,'341327963','Aurie','Attril','Fordy','Pasto','536 Monterey Trail','1994-03-23',1),
	 (394,'204053765','Zaneta','Barrott','Ciementini','Halmstad','1 Grayhawk Junction','1991-04-11',1),
	 (395,'498797561','Doria','Semeradova','Melladew','Clorinda','70 Iowa Way','1995-03-13',1),
	 (396,'230650598','Dion','Dettmar','Brosini','Lipnica','847 Lakewood Center','1999-06-08',0),
	 (397,'528812291','Jamesy','Phifer','Kunath','Xiaohebian','1430 John Wall Parkway','1988-11-09',1),
	 (398,'290642972','Ulrich','Habershaw','Rugge','Buôn Trấp','7 Nelson Point','1996-11-20',1),
	 (399,'788112335','Barbabas','Godon','Skeermer','Balingcanaway','5 Springview Road','2000-09-08',1),
	 (400,'135991443','Towny','Hambrook','Brickdale','Ipaba','0874 Schiller Parkway','1999-02-13',0);
INSERT INTO game.cliente (codigo,nif,nombre,apellido1,apellido2,ciudad,domicilio,fecha_nac,vip) VALUES
	 (401,'984612150','Mercy','Baffin','McMillan','Longnan','28 Crownhardt Park','1994-03-01',1),
	 (402,'465529509','Erik','Duddle','Milch','Kuanfeu','92938 Spenser Hill','1997-10-27',0),
	 (403,'651360504','Elfreda','de Glanville','Pendrey','Kaingiwa','438 Rutledge Junction','1991-11-26',1),
	 (404,'726320550','Gnni','Brumfitt','Ipsley','Aleysk','3231 Transport Crossing','1996-06-11',1),
	 (405,'783709037','Cull','Lunn','Audsley','Felege Neway','4144 Park Meadow Parkway','1991-12-31',1),
	 (406,'517454421','Gottfried','Cleare','Fanshaw','Tovarkovskiy','023 Lakewood Gardens Avenue','1996-04-09',1),
	 (407,'499410205','Petra','Upham','Bischof','Vogan','34910 Bonner Hill','1988-07-20',1),
	 (408,'547225628','Prudy','Howler','Podmore','Longaví','95 Hoffman Road','1989-08-13',0),
	 (409,'453898294','Wenonah','Pirozzi','Leipold','Ribamar','5183 Washington Parkway','2000-04-25',0),
	 (410,'727936946','Talya','Dearman','McLurg','Palcza','24 Moulton Terrace','1998-09-26',1);
INSERT INTO game.cliente (codigo,nif,nombre,apellido1,apellido2,ciudad,domicilio,fecha_nac,vip) VALUES
	 (411,'337797432','Esta','Liepins','Pischoff','Željezno Polje','8 Hansons Junction','1986-03-22',1),
	 (412,'979901116','Liam','Glaisner','Hollingdale','Oepuah','32144 Daystar Park','1988-04-10',1),
	 (413,'812599960','Mag','Mithun','Stitson','Brokopondo','06887 Dakota Court','1986-09-06',1),
	 (414,'134556625','Carree','Baverstock','Mizzi','Mojomulyokrajan','071 Norway Maple Terrace','1990-06-22',0),
	 (415,'106996763','Gwenette','Tante','Bennallck','Dubrava','99 Weeping Birch Point','1987-03-30',1),
	 (416,'609606780','Katine','Altree','Turbitt','Spasskoye','26 Armistice Park','1993-06-11',0),
	 (417,'186617231','Holly','Lemonby','Stuck','São Paio de Seide','3759 5th Alley','2001-04-27',0),
	 (418,'973976470','Alanah','Formigli','Symones','Al Mawşil al Jadīdah','0 Clarendon Avenue','1986-02-04',1),
	 (419,'333413885','Odelinda','Vere','Morfell','Bungur','1488 Wayridge Road','1998-04-03',1),
	 (420,'106732794','Jaquelin','Pane','Senechault','Volkhov','0 Farwell Way','1989-03-22',1);
INSERT INTO game.cliente (codigo,nif,nombre,apellido1,apellido2,ciudad,domicilio,fecha_nac,vip) VALUES
	 (421,'649026731','Syman','O''Lennane','Winfield','Pervomays’k','8090 Morrow Circle','2001-10-12',1),
	 (422,'716232081','Nellie','Flawith','Wallis','Soa','70171 Donald Park','1994-11-21',0),
	 (423,'651744742','Eliot','Monte','Blanning','Quintela','01 Ramsey Street','1998-07-05',0),
	 (424,'713308029','Clotilda','Durden','Cheyne','Dallas','1 Sloan Center','2000-05-11',1),
	 (425,'583840647','Maurice','Doag','Musprat','Torbeyevo','564 Sycamore Avenue','2001-10-10',1),
	 (426,'894715088','Mitchell','Silbersak','Nockolds','Laon','5 Hooker Park','1988-09-06',0),
	 (427,'280993723','Wenona','Josovich','Lyptrit','Phra Khanong','7135 Ilene Street','1987-02-03',0),
	 (428,'710659313','Hedi','Bretherick','Fewkes','Jobabo','722 Bellgrove Terrace','1998-02-15',0),
	 (429,'159257667','Sandi','Willbourne','Moatt','Zbytków','30034 Morning Court','1985-09-12',1),
	 (430,'758270252','Milli','Medley','Ricci','Merton','2 Springview Center','2001-03-18',0);
INSERT INTO game.cliente (codigo,nif,nombre,apellido1,apellido2,ciudad,domicilio,fecha_nac,vip) VALUES
	 (431,'593970269','Leonard','Godlonton','Gentile','Łazy','37408 Beilfuss Way','1986-09-10',1),
	 (432,'317371837','Nickola','Parkin','Janu','Liuji','0806 Chive Park','1998-12-10',1),
	 (433,'650615923','Berne','Lissandre','Drakeford','Ashiya','85 Jenna Lane','2000-03-06',0),
	 (434,'584816571','Bronson','Rivett','O'' Dornan','Lamu','7 Holmberg Court','1994-01-08',0),
	 (435,'176797800','Svend','Kosiada','Stood','Donskoy','8 Commercial Junction','1990-03-03',1),
	 (436,'588911565','Luce','Pickavance','Lovick','Cusco','944 Amoth Plaza','1990-03-28',1),
	 (437,'437598206','Sileas','Fairbrother','Bezarra','Shiban','32030 Lillian Junction','1990-05-22',0),
	 (438,'552394898','Dino','Margarson','Wickling','Hedao','8 West Place','1998-02-07',1),
	 (439,'776607924','Jorie','Bretton','Perigo','Paccha','85 Burrows Plaza','1999-05-15',1),
	 (440,'728131701','Marni','Coast','Lejeune','Toulouse','40 Steensland Circle','1992-05-27',0);
INSERT INTO game.cliente (codigo,nif,nombre,apellido1,apellido2,ciudad,domicilio,fecha_nac,vip) VALUES
	 (441,'324271859','Ulric','Southan','Oseland','Sacramento','54900 Scofield Point','1993-08-07',1),
	 (442,'272437323','Davin','Legrice','Shewon','Tonggu','77227 Holmberg Drive','1987-03-18',1),
	 (443,'559135076','Lindsay','Broxis','Hairsine','Donan','63962 Rockefeller Junction','1997-04-24',1),
	 (444,'646363656','Davie','Capineer','Romney','Krajan Kinanti','30 Lunder Place','1999-10-08',1),
	 (445,'155839512','Mord','Espinas','Borlease','Valbo','6514 Roth Crossing','1991-07-17',1),
	 (446,'547761788','Sileas','MacLure','Beeson','Tubigan','4 Southridge Drive','1993-02-28',0),
	 (447,'612430115','Jenda','Berrecloth','Pithie','Qintang','86 Buell Court','1991-12-17',1),
	 (448,'149560060','Grethel','Doogue','Bridgeland','Zhaogezhuang','7555 Anhalt Way','1991-10-19',1),
	 (449,'783418933','Alasdair','Milmith','Umpleby','Anhai','8370 Fremont Road','1987-12-12',0),
	 (450,'273888154','Elise','Kilgrove','Rault','Bunog','7 Hagan Circle','1995-08-25',0);
INSERT INTO game.cliente (codigo,nif,nombre,apellido1,apellido2,ciudad,domicilio,fecha_nac,vip) VALUES
	 (451,'719852811','Brianna','Duckham','Tiley','Xushangqiao','432 Florence Place','1998-08-05',0),
	 (452,'234638461','Juditha','Bewshaw','Potebury','Deneysville','5712 Northfield Lane','1998-09-15',0),
	 (453,'836642201','Rudy','Alejandri','Shrimptone','Hammarö','94 Kingsford Lane','1993-03-19',1),
	 (454,'333850214','Winfred','Exroll','Dunmuir','Guadalupe','13 Scofield Lane','1986-09-10',1),
	 (455,'179004374','Masha','Grodden','Golsworthy','Chernyakhovsk','880 Welch Circle','1997-02-15',1),
	 (456,'851810743','Ginger','Musprat','Conti','Shujāābād','7 Sunfield Plaza','1993-03-03',1),
	 (457,'657704431','Culley','Korn','Reid','Berlin','7 Norway Maple Junction','1990-04-23',1),
	 (458,'933057624','Clint','Langcaster','Brislawn','Manat','271 Green Ridge Alley','1986-06-21',1),
	 (459,'689571221','Claudell','Dellenbroker','Pelham','Yuandianhui','103 Clemons Pass','1991-07-07',1),
	 (460,'305163605','Maitilde','Seydlitz','Hackney','Reiko','733 Pepper Wood Road','1993-03-02',1);
INSERT INTO game.cliente (codigo,nif,nombre,apellido1,apellido2,ciudad,domicilio,fecha_nac,vip) VALUES
	 (461,'679532826','Debby','Stiell','Longmaid','Sukošan','6 Vidon Place','1997-06-06',1),
	 (462,'778732612','Faustine','Scrogges','Drinkhall','Pylaía','878 Towne Street','1995-11-22',1),
	 (463,'454497700','Mala','McVie','Girod','Anoek','6260 Valley Edge Street','1996-08-27',0),
	 (464,'574136596','Morgun','MacCroary','Ortells','Ambatolampy','2821 Mesta Plaza','1985-10-10',0),
	 (465,'806463056','Alameda','Whight','Dowall','Yinchuan','88605 Clarendon Park','1996-05-01',0),
	 (466,'906074063','Blane','Corradetti','Fullstone','Cajamarca','283 Moland Park','1996-06-10',1),
	 (467,'100142104','Maryl','O''Flannery','Thunnercliffe','Chongmin','702 Towne Plaza','2001-05-28',0),
	 (468,'313499363','Alexander','Keave','Veighey','Lungmar','678 Arapahoe Avenue','1993-05-30',1),
	 (469,'392448455','Kathryn','Bateup','Heineke','Calimete','8118 Sherman Drive','1992-03-13',0),
	 (470,'193077195','Florida','Somes','Ullyott','Camden','04826 Upham Junction','1987-09-14',1);
INSERT INTO game.cliente (codigo,nif,nombre,apellido1,apellido2,ciudad,domicilio,fecha_nac,vip) VALUES
	 (471,'105656865','Danika','Brabben','Labden','Camangcamang','498 Fordem Hill','1988-08-26',1),
	 (472,'881555460','Juditha','Baillie','Skillitt','Longkali','3987 Westend Street','1996-04-18',1),
	 (473,'299752718','Lowe','Hugnet','O''Dea','Pasongsongan','82347 Rowland Alley','1989-08-09',0),
	 (474,'255738023','Alethea','Logg','Hanner','Shreveport','06891 Hansons Road','1990-06-02',0),
	 (475,'342903345','Hurley','Coppo','Brotherick','Williamsfield','301 West Crossing','1990-11-19',0),
	 (476,'991148560','Benyamin','Gowlett','Zavattero','Sindangkerta','7 Springs Terrace','1997-06-11',0),
	 (477,'220826093','Teresita','Osboldstone','Sliney','Druya','86 Columbus Circle','1985-06-16',0),
	 (478,'932040172','Lorenzo','Merriton','Feasby','Peimei','7642 Lakeland Street','1991-07-30',1),
	 (479,'845430298','Penelope','Bradneck','Nielson','Blizne','30249 Shelley Drive','1990-08-20',1),
	 (480,'381349294','Gloriana','D''Orsay','Clegg','Botlhapatlou','18 Arapahoe Street','1996-09-24',0);
INSERT INTO game.cliente (codigo,nif,nombre,apellido1,apellido2,ciudad,domicilio,fecha_nac,vip) VALUES
	 (481,'528673855','Marylynne','Paton','Simond','Tilamuta','98888 La Follette Street','2001-02-16',0),
	 (482,'383631714','Ivette','Chedgey','Lowres','Kłoczew','34 Mccormick Lane','1991-07-28',1),
	 (483,'642584420','Puff','Belchem','Meneghi','Barisāl','15407 Gulseth Park','1992-12-02',1),
	 (484,'726862764','Olva','Zanitti','Farnall','El Matama','506 Summit Pass','1995-08-04',1),
	 (485,'975498524','Ky','Faragher','Christophers','Nizhnekamsk','807 Summer Ridge Junction','1990-01-07',1),
	 (486,'219930306','Jaquelin','Emeline','Marchment','Tulaghi','5 Fremont Hill','1994-12-26',0),
	 (487,'904178429','Viva','Chartre','Gilhouley','Cibugel','82887 Havey Terrace','1999-07-05',1),
	 (488,'277931259','Nick','Bottomley','Davidove','Turt','9 Knutson Junction','1987-12-10',0),
	 (489,'544075840','Saraann','Elford','Balfe','Longshi','0 Sheridan Lane','1986-04-24',0),
	 (490,'939760137','Sutherland','Threadgold','Chessum','Puerto Guzmán','45 Randy Alley','1991-09-16',0);
INSERT INTO game.cliente (codigo,nif,nombre,apellido1,apellido2,ciudad,domicilio,fecha_nac,vip) VALUES
	 (491,'356059219','Alexander','Knowlden','Vodden','Oubei','14 Dapin Point','1994-08-26',1),
	 (492,'962931482','Russ','Baldacco','Scading','Doljevac','577 Boyd Point','1987-02-15',0),
	 (493,'765917632','Finley','Rohloff','Butt Gow','Jatipamor','1837 Sauthoff Street','2000-02-01',1),
	 (494,'860147297','Lionel','Striker','Anfossi','Mozhaysk','45 Trailsway Trail','2001-12-11',1),
	 (495,'300211637','Alisun','Whittall','Tippetts','Saint-Étienne','9 Lake View Circle','1990-11-11',0),
	 (496,'884847028','Dorri','Rammell','Ferneyhough','Kentau','5635 Ohio Avenue','1986-10-17',0),
	 (497,'166245615','Cherri','Telling','Gawith','Xiwanzi','0262 Straubel Trail','1994-04-30',0),
	 (498,'849362704','Doria','Aucock','Enriquez','Waldbredimus','72 International Plaza','2000-08-11',1),
	 (499,'702884414','Briant','Fulop','Durrett','Bucu Kidul','058 Lakewood Gardens Center','1993-04-30',1),
	 (500,'536338060','Betsy','Redmile','Griffe','Tsyelyakhany','69501 6th Trail','1985-02-28',0);
INSERT INTO game.cliente (codigo,nif,nombre,apellido1,apellido2,ciudad,domicilio,fecha_nac,vip) VALUES
	 (501,'904706438','Gawain','Sammonds','Helling','Koumra','06 Oriole Point','1986-11-02',1),
	 (502,'999067440','Othilia','Gavagan','Yonnie','Artémida','7 Luster Terrace','1994-04-23',1),
	 (503,'272892144','Joel','Hedgeman','Brombell','Keli','8226 Menomonie Park','1999-01-14',1),
	 (504,'709539820','Russ','Wickersley','Kuhl','Alor Setar','0 Wayridge Park','1986-10-20',0),
	 (505,'537885883','Randall','Mellanby','Houdhury','Philadelphia','84810 Monica Lane','1987-03-16',1),
	 (506,'845857320','Gauthier','Guerner','Abbotson','Massakory','35001 Morningstar Alley','2000-08-09',0),
	 (507,'634149533','Tracy','Bunworth','Sixsmith','Buenavista','19450 Randy Circle','1999-10-26',1),
	 (508,'129842761','Ailis','Prandin','Sandels','Río Grande','037 Tomscot Plaza','1986-03-16',1),
	 (509,'905060669','Kristy','Gothliff','Jarlmann','Florida','317 Springview Trail','2001-10-08',1),
	 (510,'382850784','Dieter','Ciardo','Pinchin','Saint-Jean-de-Luz','10416 Anzinger Street','1992-10-05',1);
INSERT INTO game.cliente (codigo,nif,nombre,apellido1,apellido2,ciudad,domicilio,fecha_nac,vip) VALUES
	 (511,'979616804','Carey','Smeall','Hegdonne','Tarsouat','77107 Kenwood Trail','1990-01-19',0),
	 (512,'201782323','Britt','Fatscher','Darnbrook','Chōfugaoka','562 John Wall Court','1991-08-02',1),
	 (513,'970297442','Tab','McGrae','Kristiansen','Fufang','13347 Green Ridge Point','1990-02-02',1),
	 (514,'622624770','Hagan','Bubeer','Sancroft','Leixlip','648 Killdeer Point','1989-08-05',1),
	 (515,'683111910','Nevil','Eldered','Steutly','Hougong','8 New Castle Street','1990-01-23',0),
	 (516,'791997580','Josselyn','Belleny','Ianizzi','Wolofeo','2 Sutteridge Street','1995-10-18',0),
	 (517,'904443903','Brock','Lorenzin','Hayland','Kalayemule','6130 Redwing Place','1996-04-29',0),
	 (518,'783798131','Ricardo','Bools','Snary','Kalabahi','22697 Graedel Crossing','1999-12-04',0),
	 (519,'399462265','Joellen','Drayn','Pace','Custódia','92345 Dottie Pass','1989-08-15',0),
	 (520,'770171246','Jessy','Szach','Illsley','Huizhou','4 Commercial Alley','1988-05-26',1);
INSERT INTO game.cliente (codigo,nif,nombre,apellido1,apellido2,ciudad,domicilio,fecha_nac,vip) VALUES
	 (521,'464437665','Loralee','Januszewski','Bestar','Lanshan','0693 Anhalt Lane','1992-04-26',0),
	 (522,'547194286','Arnold','Grishanin','Punch','Biscoitos','8091 Eliot Park','2001-03-05',0),
	 (523,'732680492','Carina','Fitt','Laytham','Wahang Dua','1 John Wall Lane','1996-06-17',0),
	 (524,'120127251','Ken','Shackleford','Cushelly','Kashihara','5 Dovetail Junction','1993-11-25',0),
	 (525,'345943770','Claudette','Cahillane','Sagg','Paraiso','383 Little Fleur Park','1986-11-07',0),
	 (526,'941359685','Briny','Cabotto','Campe','Timaru','27 Milwaukee Lane','1998-09-04',0),
	 (527,'285066176','Shoshana','Kroon','Grimwade','Patong','19766 Di Loreto Court','1999-12-25',1),
	 (528,'743188527','Chen','Dalzell','O''Fairy','Pyšely','6 Daystar Court','1994-12-11',1),
	 (529,'836015529','Lazar','MacKimmie','Sarney','Kurume','3967 Center Trail','1985-03-11',0),
	 (530,'892012729','Natasha','Mulryan','Erbain','Tegallega','69 Porter Point','1985-11-20',0);
INSERT INTO game.cliente (codigo,nif,nombre,apellido1,apellido2,ciudad,domicilio,fecha_nac,vip) VALUES
	 (531,'894985863','Parsifal','Angeli','Bennington','Mawza‘','030 Anthes Crossing','1994-12-09',0),
	 (532,'355109416','Marcellina','Andor','Splevin','Zašová','7001 Corry Point','1986-04-13',0),
	 (533,'152331996','Biron','Highman','Jumeau','Chucatamani','733 Jenifer Circle','2001-01-25',0),
	 (534,'129638556','Shelby','Snap','Mustchin','Wanju','98491 Vermont Way','1988-11-29',0),
	 (535,'604013366','Celinka','Sirman','Sarath','Getengan','622 Linden Circle','2000-03-14',0),
	 (536,'749928117','Yale','Maslen','Tutill','Lampang','74899 Westport Terrace','2001-06-06',0),
	 (537,'136861545','Jarrid','De Cruce','Cranshaw','Siennica Różana','40 Green Ridge Avenue','2001-06-23',0),
	 (538,'702092976','Aldous','Lipprose','Qualtrough','Yangjian','88339 Iowa Trail','1988-10-01',0),
	 (539,'536138916','Philly','Callan','Bremmell','Kasiyan','9 Waxwing Place','1985-06-05',0),
	 (540,'151678509','Jesse','Robbeke','Shelford','Lapu-Lapu City','36538 Gulseth Terrace','1997-06-20',0);
INSERT INTO game.cliente (codigo,nif,nombre,apellido1,apellido2,ciudad,domicilio,fecha_nac,vip) VALUES
	 (541,'368013967','Carrie','Burne','Genike','Port Glaud','67035 Mesta Park','1985-09-03',0),
	 (542,'882671328','Sydney','Wisniowski','Maybey','Moravče','40 Delladonna Circle','2001-05-06',0),
	 (543,'489582806','Daisy','Didball','Fleisch','Antimácheia','48 Ludington Way','1987-03-22',1),
	 (544,'158832160','Hart','Avo','Bleything','Saint Petersburg','845 Clemons Pass','1988-06-29',0),
	 (545,'421582640','Myrle','Ahern','MacFarlane','Montalvo','012 Hansons Trail','1998-08-30',1),
	 (546,'305047886','Danell','Elgy','Tondeur','Ergong','4 Kinsman Place','1997-01-22',0),
	 (547,'115893829','Fredia','Boor','Shillaber','Hamanoichi','89 Stoughton Drive','2001-09-26',0),
	 (548,'574437814','Anette','Earle','Segeswoeth','Karangmulyo','28075 Myrtle Alley','1997-06-21',0),
	 (549,'688338009','Olva','Thirlwall','Kharchinski','Laagri','262 Helena Place','2001-06-27',1),
	 (550,'535875056','Hamilton','Ridolfi','Luckie','Bao’an','835 Memorial Street','1996-02-12',0);
INSERT INTO game.cliente (codigo,nif,nombre,apellido1,apellido2,ciudad,domicilio,fecha_nac,vip) VALUES
	 (551,'854225715','Avrit','Rendle','Bennit','Daishan','9962 Linden Place','1993-09-17',0),
	 (552,'938398153','Allis','Pierrepont','Van Velden','Липково','0653 Fair Oaks Point','1995-02-28',1),
	 (553,'820862060','Tab','Kleint','Clew','Kalangan','67797 Debs Street','1998-07-08',0),
	 (554,'432955174','Timmie','Girodon','Cathenod','Sakule','626 Fallview Pass','1985-05-23',1),
	 (555,'396494563','Ashia','Newlove','Boffin','Puqian','8 Bluestem Avenue','1995-12-23',1),
	 (556,'700709218','Valentine','Elphinston','Gayton','Yên Bái','2 Lukken Avenue','1994-05-26',1),
	 (557,'816707549','Dorise','Cogdon','McNulty','Banjar Banyuning Barat','8447 Transport Park','1994-10-29',1),
	 (558,'316726381','Amalee','Crookes','Abramin','Taodian','989 Sugar Avenue','1992-01-12',1),
	 (559,'248264277','Guthry','Melledy','Wrates','Xifangcheng','093 Bobwhite Drive','1994-02-18',0),
	 (560,'465724450','Tyrus','Hurtic','Prinnett','Cigeulis','6882 Ohio Point','1988-12-24',0);
INSERT INTO game.cliente (codigo,nif,nombre,apellido1,apellido2,ciudad,domicilio,fecha_nac,vip) VALUES
	 (561,'383761921','Ardelis','Dourin','Jimson','Zhendeqiao','7 Longview Circle','2000-04-15',0),
	 (562,'868093100','Ashlie','Feasley','Fritche','Kanália','5 Dayton Pass','2000-09-27',0),
	 (563,'339908619','Willard','Conichie','Pringle','Thị Trấn Yên Ninh','9 Bonner Center','1993-07-18',1),
	 (564,'456787846','Linnea','Wombwell','Cooney','Banjarejo','34799 Messerschmidt Hill','1988-12-09',1),
	 (565,'302907059','Wilden','Hinken','Boliver','Beitan','5490 Ryan Crossing','2001-04-08',0),
	 (566,'419887523','York','Soule','Wilfling','Phra Khanong','6684 Artisan Street','1992-09-05',0),
	 (567,'650292098','Haywood','Lamond','Davers','Qingfa','3 Tony Trail','1986-08-04',1),
	 (568,'183771132','Katrinka','Ableson','Valek','Voorburg','717 Montana Road','1986-08-27',1),
	 (569,'919990357','Gladys','Banbrick','Lough','Dos Hermanas','6597 Eastlawn Plaza','1989-10-18',0),
	 (570,'404805946','Gray','McAuslene','Linden','Paris 19','35244 Acker Way','1998-12-12',0);
INSERT INTO game.cliente (codigo,nif,nombre,apellido1,apellido2,ciudad,domicilio,fecha_nac,vip) VALUES
	 (571,'972161459','Nester','Sails','Paslow','Jintian','18 Park Meadow Park','1992-04-26',0),
	 (572,'318272299','Skipp','Lysaght','Beers','Grande Cache','69514 Menomonie Street','1995-08-27',1),
	 (573,'400825479','Gloriana','Santon','Nerney','Aygestan','698 Crowley Point','1989-04-13',1),
	 (574,'293948730','May','Lambden','Vivers','Mozhong','81015 Butterfield Street','1999-05-24',1),
	 (575,'342330627','Giulietta','Menere','Meece','Põlva','4386 Fuller Point','1998-04-10',0),
	 (576,'569542605','Kelby','Ruddock','Brookshaw','Jalupang Dua','38 Nevada Point','1996-04-25',0),
	 (577,'626775271','Elnora','Peaden','Worsell','Hulutao','377 Summit Junction','1998-04-17',0),
	 (578,'887586541','Simmonds','Ransfield','Gealy','Messejana','6843 Miller Place','1989-04-02',0),
	 (579,'192557641','Claudie','Christopher','Sellman','El Paso','8458 Katie Street','1997-04-29',1),
	 (580,'292581375','Darin','Ferrarini','Signoret','Baisha','58 Washington Terrace','1991-04-17',0);
INSERT INTO game.cliente (codigo,nif,nombre,apellido1,apellido2,ciudad,domicilio,fecha_nac,vip) VALUES
	 (581,'217892890','Almeda','Lewsy','Volcker','Geshan','007 Kings Plaza','1990-11-30',0),
	 (582,'143767563','Waring','Goskar','Megahey','Hyrynsalmi','2 Katie Parkway','1987-06-26',1),
	 (583,'539495013','Vassili','Faber','Blackmore','Mingjing','7 Schmedeman Lane','1985-09-30',0),
	 (584,'568177819','Ertha','Rolin','Ennever','Šumice','498 Artisan Pass','1997-06-25',1),
	 (585,'605031647','Millie','Younglove','Bodle','Sanxi','847 Hanover Court','1997-06-14',1),
	 (586,'991692933','Garrot','Baud','Simonitto','Xinan','4 Ruskin Plaza','1987-02-28',0),
	 (587,'173696160','Brier','Hansell','Finden','Batallas','57 Kings Terrace','1993-04-30',1),
	 (588,'841033431','Karla','Allred','Berkowitz','Yongyang','52 Marquette Way','2001-09-08',0),
	 (589,'363270784','Hodge','Debnam','Dobie','Banjar Dharmasemedi','23 Maple Way','1995-06-18',1),
	 (590,'272090897','Haydon','Kerrich','Pollicatt','Ridder','0535 Paget Place','1985-05-04',0);
INSERT INTO game.cliente (codigo,nif,nombre,apellido1,apellido2,ciudad,domicilio,fecha_nac,vip) VALUES
	 (591,'684538520','Aldo','Giacomazzo','Izchaki','Langsepan','9 Hagan Pass','1994-01-30',0),
	 (592,'578371664','Brendon','O''Lynn','Kenright','Inda Silasē','79 Anniversary Court','1986-01-17',0),
	 (593,'170672870','Lexie','Giampietro','Hiers','Sassandra','7823 Burning Wood Drive','1993-08-21',1),
	 (594,'903033807','Sergent','Maciejewski','Halse','San Pablo','3636 5th Alley','1990-01-13',1),
	 (595,'107295884','Lila','Piatto','O''Carroll','Schœlcher','01656 Lillian Plaza','1998-12-25',0),
	 (596,'638055469','Flore','Gouldthorpe','Cearley','Naga','327 Paget Center','1989-03-02',0),
	 (597,'455407835','Drusi','MacInerney','Genney','Ivry-sur-Seine','38127 Main Place','1999-09-11',0),
	 (598,'189853839','Elsbeth','Raggles','Rutherford','Nago','01099 Del Mar Road','1988-06-20',0),
	 (599,'617530860','Johannah','Caldecot','Abramcik','Ocho Rios','13 Burrows Crossing','1997-10-23',0),
	 (600,'325113422','Grant','Circuitt','Seeney','Alegre','6 Grim Parkway','1998-01-16',0);
INSERT INTO game.cliente (codigo,nif,nombre,apellido1,apellido2,ciudad,domicilio,fecha_nac,vip) VALUES
	 (601,'275818843','Abdul','Wheildon','Fritz','Walakeri','317 Oak Lane','1991-02-07',0),
	 (602,'584335306','Marcellina','Petyt','Roubert','Shangtianba','1 Tomscot Crossing','1992-11-28',0),
	 (603,'412093649','Shayne','Weekes','Lipyeat','Ţayyibat al Imām','574 Steensland Plaza','1993-09-19',1),
	 (604,'309701252','Mindy','Kenington','Devitt','Heřmanova Huť','9408 Lakewood Junction','1996-06-20',1),
	 (605,'509658618','Judah','Tooley','Goldis','Nggesa','93088 Pond Circle','1990-03-20',0),
	 (606,'291782769','Gertrude','Giovanardi','Pingstone','Bradag','85 Independence Pass','1999-08-31',0),
	 (607,'385066728','Norry','Fielding','Orchard','Brumado','93 Main Park','1989-10-18',1),
	 (608,'943518224','Pearla','Millott','Bearfoot','Nabeul','4 Shasta Lane','1997-03-16',0),
	 (609,'924809600','Mayne','Doudny','Guisler','Tiberias','22096 Dawn Way','1993-05-02',1),
	 (610,'610241308','Bessie','Beahan','Lindstedt','Osielsko','5163 Kipling Crossing','1985-02-22',0);
INSERT INTO game.cliente (codigo,nif,nombre,apellido1,apellido2,ciudad,domicilio,fecha_nac,vip) VALUES
	 (611,'482197189','Kass','Houldcroft','Twentyman','Kandahār','9 Bobwhite Avenue','2000-11-22',1),
	 (612,'633328981','Fairleigh','Edworthye','Toulamain','Krajan','18 Twin Pines Road','1995-01-21',1),
	 (613,'785305407','Arlette','Ribchester','Keaveney','Xuebu','1293 Kensington Alley','1998-10-15',0),
	 (614,'961506973','Clay','Zwicker','Guillond','Curumaní','2 Holmberg Junction','1995-03-25',0),
	 (615,'583468216','Deeyn','Brownhill','McQuade','Shuanglu','28940 Calypso Pass','1995-02-06',1),
	 (616,'338558411','Waiter','Bramley','Willbraham','Colorado','465 Pepper Wood Court','1994-07-24',1),
	 (617,'868140782','Roger','Devereux','Vearnals','Pachīr wa Āgām','84786 Pearson Junction','1985-04-28',0),
	 (618,'390187810','Gert','Rodson','Hinchon','Murree','7 Cascade Hill','1997-02-19',0),
	 (619,'521765669','Demott','Hacquoil','Boissieux','Nakatsu','54987 Katie Road','2001-10-29',1),
	 (620,'428646449','Lenore','Dance','Jaher','Changyŏn','240 Lakeland Road','1994-09-06',0);
INSERT INTO game.cliente (codigo,nif,nombre,apellido1,apellido2,ciudad,domicilio,fecha_nac,vip) VALUES
	 (621,'669156684','Charissa','Milthorpe','Hyndley','Ţayyibat al Imām','881 Vahlen Pass','2001-06-30',1),
	 (622,'730395566','Guido','Fowell','Lundberg','Yaroslavl','9 Autumn Leaf Plaza','1999-05-14',0),
	 (623,'170863368','Pearl','Tockell','Isakov','Cafarnaum','154 Cherokee Park','1987-05-02',0),
	 (624,'317810768','Wolfgang','Powney','Glaze','Zimmi','00736 High Crossing Alley','1986-07-28',1),
	 (625,'243706884','Ephrayim','Peppard','Gantlett','Kradinan','0 Drewry Road','1999-09-07',1),
	 (626,'803003395','Filmer','Wenzel','Bemand','Santiago de María','05 Pleasure Court','1996-05-15',0),
	 (627,'172880264','Lizzy','Renzo','Witty','Kurortnyy','1 Gale Court','1986-06-11',0),
	 (628,'507128427','Rolf','Priestley','McNerlin','Kampong Chhnang','132 Rutledge Street','1990-06-18',1),
	 (629,'340535960','Marylinda','Joslyn','Cornilleau','Poções','86023 Pierstorff Plaza','1998-08-27',1),
	 (630,'628796794','Sandro','Tipler','McCaskell','Węgorzyno','83395 Glacier Hill Alley','1998-04-02',0);
INSERT INTO game.cliente (codigo,nif,nombre,apellido1,apellido2,ciudad,domicilio,fecha_nac,vip) VALUES
	 (631,'878806070','Roanne','Pawle','Scammell','Villaba','10592 Lawn Street','1986-06-23',0),
	 (632,'204283102','Concettina','Brassill','Furneaux','Talin Hiag','47 Hoffman Way','2001-03-12',1),
	 (633,'335265627','Gerek','Hartburn','Haet','Baní','3 Gulseth Avenue','1989-12-09',1),
	 (634,'327998009','Frederica','Breton','Barnhill','Yingyang','9 Golf Course Parkway','1985-05-16',1),
	 (635,'426991415','Lynnet','Wickmann','Reedman','Touama','4590 Talisman Lane','1998-06-13',1),
	 (636,'721435351','Packston','Pomfrett','Gimeno','Jambubol','28 Village Green Center','1989-02-26',1),
	 (637,'781546104','Wilmer','Castenda','Fayerbrother','Viline','86 Haas Alley','1992-08-24',1),
	 (638,'281270563','Catlee','Eustace','Coster','Novyye Kuz’minki','00909 Pepper Wood Alley','1999-06-18',0),
	 (639,'708610034','Edgar','Godbold','Beach','Pszczyna','54 Rockefeller Center','1986-11-14',0),
	 (640,'924463374','Fredelia','Chessell','Stapford','Mont-Dore','9 Di Loreto Lane','1994-06-02',0);
INSERT INTO game.cliente (codigo,nif,nombre,apellido1,apellido2,ciudad,domicilio,fecha_nac,vip) VALUES
	 (641,'207803788','Ann','Cubitt','Blake','Banaran','31 Shelley Lane','1986-04-22',1),
	 (642,'465937741','Licha','Horribine','Lemonnier','Taverny','5 Kim Center','1986-12-17',1),
	 (643,'357082953','Paten','Reinmar','Sellars','Beidajie','09311 Eagle Crest Point','1989-11-19',1),
	 (644,'932395903','Corinne','Greguoli','Osichev','Huitang','946 Hanover Hill','1985-04-30',0),
	 (645,'793980833','Sophi','Crinkley','Bigrigg','Mailsi','745 5th Pass','1988-09-26',0),
	 (646,'253145268','Claus','Seiller','Brettoner','Guanlu','01233 8th Park','1988-06-04',1),
	 (647,'335227021','Roderich','Ricardet','Bennedick','Parada de Todeia','5 Huxley Terrace','1988-07-02',1),
	 (648,'172144586','Nada','Edwick','Standen','Sitiarjo','67 Longview Avenue','1993-11-08',0),
	 (649,'612230508','Ferne','Corson','Brakespear','Angra dos Reis','0 Gulseth Lane','1990-01-10',1),
	 (650,'864730340','Penn','Pipping','Barfitt','Middelburg','5 Dexter Place','1997-04-12',1);
INSERT INTO game.cliente (codigo,nif,nombre,apellido1,apellido2,ciudad,domicilio,fecha_nac,vip) VALUES
	 (651,'581905134','York','Hillum','Goodley','Mogotes','4 Arrowood Lane','1988-04-19',0),
	 (652,'506467972','Steffen','Southern','Pickworth','Horní Počaply','655 Carberry Crossing','1988-05-25',0),
	 (653,'901531917','Delcine','Legrand','Heinreich','Astana','539 Hansons Street','1996-04-24',0),
	 (654,'112486757','Opaline','Gilligan','Reichhardt','Bobowo','3 Kinsman Center','2000-01-13',0),
	 (655,'357822453','Kerwinn','Tiner','Pampling','Sucun','85233 Nelson Way','1995-05-09',1),
	 (656,'727424326','Terrie','Meagher','Sidworth','Pictou','286 Eastwood Alley','1992-04-28',1),
	 (657,'345988677','Sandro','Britton','Huelin','Shuiji','50564 Clemons Court','1995-08-21',0),
	 (658,'376960483','Cariotta','Rene','Gawthorpe','Dadian','73 Graedel Plaza','1988-03-25',0),
	 (659,'809410916','Lucita','Dorie','Piller','Qiaobian','246 Mitchell Street','1987-07-10',1),
	 (660,'417292507','Elizabet','Tybalt','Tuson','Hrochův Týnec','5424 Montana Avenue','1986-06-24',1);
INSERT INTO game.cliente (codigo,nif,nombre,apellido1,apellido2,ciudad,domicilio,fecha_nac,vip) VALUES
	 (661,'560050376','Rogers','Titterton','Harbert','Yangcun','7039 Sugar Terrace','1993-08-18',1),
	 (662,'482040729','Holly','Braybrookes','Cuming','Eláteia','681 Lotheville Hill','2000-06-02',1),
	 (663,'388177430','Imelda','Haddy','Sawood','Rafaḩ','771 Johnson Avenue','1997-06-04',0),
	 (664,'329268917','Xymenes','Bruhn','Jakuszewski','Prislonica','634 Thompson Road','1987-02-11',1),
	 (665,'999903546','Sean','Junifer','Blackhurst','Gangdong','1334 Fulton Avenue','1989-11-07',0),
	 (666,'773807274','Orel','Hendriks','Stoeck','Vangaindrano','403 School Way','1997-05-25',1),
	 (667,'415912083','Corby','Canfer','Aronsohn','Tahoua','1 Carpenter Center','1995-03-13',1),
	 (668,'773581059','Ettore','Shilston','Lovegrove','Beidu','1559 Lakewood Gardens Drive','1999-03-18',1),
	 (669,'407688404','Kylynn','Berrycloth','Grimbleby','Kademangan','78877 Elmside Crossing','1996-03-03',1),
	 (670,'275074625','Jens','Cristofari','Millott','Paraguaçu','003 2nd Crossing','1995-10-09',0);
INSERT INTO game.cliente (codigo,nif,nombre,apellido1,apellido2,ciudad,domicilio,fecha_nac,vip) VALUES
	 (671,'676213037','Hakeem','Eustice','Flower','Bagumbayan','131 Leroy Way','1985-11-05',1),
	 (672,'662483468','Griz','Sweetenham','Wretham','Juliaca','7 Forest Dale Road','1986-01-04',1),
	 (673,'429740723','Aldous','Harraway','Broe','Tanggung','0 Knutson Street','1985-07-03',0),
	 (674,'348532947','Hank','Camus','Koppes','Paris 06','0051 Marcy Park','1994-09-15',0),
	 (675,'674336329','Brice','Byfield','Sandeman','Maliuzui','2936 Carberry Plaza','2001-02-15',0),
	 (676,'950442050','Inesita','Stainbridge','Noteyoung','Yuquan','4894 Melvin Junction','1995-08-09',1),
	 (677,'823712939','Yevette','Enevold','Esom','Bronx','20 Banding Point','1999-05-27',0),
	 (678,'514066900','Deonne','Walkley','Riley','Waldbillig','5 Beilfuss Drive','1998-04-04',0),
	 (679,'170054871','Dud','Whelan','Wales','Timbulsari','57 Weeping Birch Circle','1991-01-12',0),
	 (680,'785771147','Vikki','Dower','Goldston','Kihurio','7240 Gina Pass','2000-02-13',0);
INSERT INTO game.cliente (codigo,nif,nombre,apellido1,apellido2,ciudad,domicilio,fecha_nac,vip) VALUES
	 (681,'944037240','Allayne','Wincer','Treverton','Shuanghe','6 Memorial Park','1989-02-24',1),
	 (682,'828980445','Edmund','Bartolomeotti','Spurr','Gammad','57 Bluejay Junction','1997-06-05',0),
	 (683,'311617718','Tallou','Veale','Crinkley','Uzdin','9 Dryden Park','1986-01-23',0),
	 (684,'447482849','Darci','Ackery','Najera','Huakoulongtan','8 Golf Hill','1988-06-03',0),
	 (685,'268935545','Cash','Ruit','Mathers','Aţ Ţafīlah','12666 Laurel Parkway','2000-08-19',1),
	 (686,'472224008','Chris','MacIntyre','Kwietek','Kedungdoro','4600 Basil Plaza','1991-10-28',1),
	 (687,'112794432','Gary','Mitchelson','Else','Portland','5 Roxbury Center','2000-10-29',1),
	 (688,'291695101','Jillie','Purkis','Keepence','Alung','36980 Sauthoff Park','1987-09-24',1),
	 (689,'300112797','Korney','Gilbert','Jiroutka','Lluchubamba','691 Declaration Parkway','1990-04-05',1),
	 (690,'835079722','Harman','Braywood','Bailie','Washington','3866 Sage Point','1992-06-03',1);
INSERT INTO game.cliente (codigo,nif,nombre,apellido1,apellido2,ciudad,domicilio,fecha_nac,vip) VALUES
	 (691,'836904822','Mirelle','Sollars','Goshawk','Qeshm','048 Corben Circle','1998-12-05',1),
	 (692,'593061607','Brady','Works','Lechmere','Pehčevo','5 Northview Street','2001-04-26',0),
	 (693,'308438034','La verne','Doniso','Aveson','Storuman','627 Bay Avenue','2000-09-28',0),
	 (694,'225143364','Meaghan','Rand','MacGragh','Tegallega','77 Blue Bill Park Plaza','1988-02-22',0),
	 (695,'612547876','Erastus','Macro','Grabert','Nancy','5 Oriole Pass','1986-03-04',0),
	 (696,'161469469','Kiri','Hawthorn','Ingamells','Atlanta','739 Gerald Road','1989-10-17',1),
	 (697,'193192084','Bertram','Ahlin','Spraberry','Ōgaki','4 Westerfield Crossing','1992-09-27',0),
	 (698,'540668584','Rhea','Ditzel','Franschini','Aoyang','5 Porter Place','1996-02-04',1),
	 (699,'845170259','Hewie','Tureville','Dieton','Pocora','44 Hallows Street','2001-08-05',0),
	 (700,'183890773','Ruddie','McRorie','Skerrett','Zel’va','9 Grim Plaza','2000-05-31',0);
INSERT INTO game.cliente (codigo,nif,nombre,apellido1,apellido2,ciudad,domicilio,fecha_nac,vip) VALUES
	 (701,'751455091','Emlyn','Borborough','Bome','Antíparos','1 Ohio Hill','1985-07-31',0),
	 (702,'770641554','Rori','Amyes','Sever','Qiandeng','25 Monument Plaza','2001-07-04',1),
	 (703,'807766095','Katti','Ewbanke','Eastgate','Chishan','37089 Waywood Alley','2000-08-12',0),
	 (704,'118496555','Vincenty','Wildash','Grogona','Torre do Pinhão','9 Larry Point','1987-08-26',1),
	 (705,'605529338','Moises','Grodden','Sprasen','Repentigny','12347 Dunning Plaza','1995-02-24',0),
	 (706,'400845657','Alaster','Weekes','Whitesel','Mértola','713 Monterey Parkway','1996-07-02',0),
	 (707,'367103853','Jandy','Klimushev','Rappaport','Debe','39080 Autumn Leaf Pass','1989-09-23',0),
	 (708,'239403447','Timofei','Turfs','Crabbe','Zargarān','8902 Oriole Alley','1998-04-24',1),
	 (709,'230200544','Giacobo','Franzotto','Lauthian','Murom','87 Kennedy Avenue','1986-05-05',0),
	 (710,'283406717','Meggie','Pulsford','Bordone','Drumcondra','46142 Eliot Point','1985-04-27',1);
INSERT INTO game.cliente (codigo,nif,nombre,apellido1,apellido2,ciudad,domicilio,fecha_nac,vip) VALUES
	 (711,'782667600','Brig','Lundy','Burden','Baopukang','07 Cambridge Court','1998-01-31',1),
	 (712,'225893506','Felicdad','Flemmich','Dearlove','Marcara','2965 Elmside Road','1990-01-26',0),
	 (713,'873687776','Ramsay','Hardie','Foresight','Rimba Sekampung','9 Mifflin Way','2000-05-01',0),
	 (714,'119557547','Loren','Doutch','De Avenell','Neuville','1682 Merrick Place','1994-06-23',0),
	 (715,'233148419','Rowney','Mynett','Trobey','Bāglung','131 Beilfuss Point','2000-10-18',1),
	 (716,'397800138','Ethelyn','Margrie','Winsbury','Gaotuo','3 Hovde Road','1999-01-01',1),
	 (717,'465055136','Vale','Very','Ede','Huangbei','210 Columbus Drive','1989-08-13',1),
	 (718,'645910791','Saunders','Seary','Reggiani','Eqbālīyeh','89590 Blue Bill Park Drive','1989-02-16',0),
	 (719,'365800890','Pearle','Ridolfi','Tilberry','Tartaro','34190 American Ash Park','2000-02-13',1),
	 (720,'595946445','Idell','Jone','Golsworthy','Jaguariaíva','06062 Birchwood Hill','1993-04-12',1);
INSERT INTO game.cliente (codigo,nif,nombre,apellido1,apellido2,ciudad,domicilio,fecha_nac,vip) VALUES
	 (721,'772612321','Ulla','Phythean','Eldershaw','Périgny','853 Longview Alley','1986-09-29',1),
	 (722,'712238212','Gertrude','Tesseyman','Frostick','Monte Carmelo','4 Tony Point','1987-09-09',1),
	 (723,'628920350','Aguste','Blackly','O''Halleghane','Boulemane','936 Cordelia Road','1988-05-08',1),
	 (724,'417977124','Haslett','Hollington','Dye','Chust Shahri','4232 Kedzie Parkway','1985-02-23',0),
	 (725,'996237524','Zacharie','Osinin','Booler','Göteborg','0495 Scott Terrace','1987-03-11',0),
	 (726,'170958614','Brana','Crowley','Larrosa','Loukísia','82665 Orin Road','1992-04-24',0),
	 (727,'168176429','Dionysus','Pickaver','Cod','Krajan','558 Wayridge Circle','1987-03-16',0),
	 (728,'192204504','Kipper','Forcer','Van Der Walt','Manika','691 Surrey Crossing','1997-08-22',1),
	 (729,'486474037','Elvyn','Pendrigh','Whiterod','Santa Helena','1 Hermina Avenue','1990-10-16',1),
	 (730,'762738035','Georgena','Wicher','Bonifacio','Balungao','8 Toban Center','1991-08-02',1);
INSERT INTO game.cliente (codigo,nif,nombre,apellido1,apellido2,ciudad,domicilio,fecha_nac,vip) VALUES
	 (731,'629266446','Smitty','Jeremiah','Nasi','Waitun','6060 Crescent Oaks Place','1989-01-08',0),
	 (732,'768749316','Morrie','Florence','Narey','Runjin','18483 Blaine Avenue','1986-01-13',1),
	 (733,'668247394','Elden','Buckston','Graith','Thị Trấn Yên Châu','414 Weeping Birch Pass','1996-11-08',1),
	 (734,'238197847','Andrea','Stealy','Klammt','Cisasak','034 Golden Leaf Parkway','1992-03-07',1),
	 (735,'808104781','Cherise','Bediss','Burtwell','Munggang','79 Kensington Road','1990-08-31',1),
	 (736,'330044036','Balduin','Bullion','Hawsby','Tennō','80305 Northport Street','1991-08-10',0),
	 (737,'835863367','Lorrayne','Gimert','Kuschke','Boavista','77 Northview Alley','1997-06-18',0),
	 (738,'939951430','Ingeborg','Calcott','Mottershead','Moca','2866 Westridge Way','2000-06-04',1),
	 (739,'381053943','Sheff','Tailby','Tollerton','Magog','9 Main Terrace','1992-01-10',0),
	 (740,'316632483','Jdavie','Feavearyear','Ive','Višňové','7 Artisan Plaza','1996-12-15',1);
INSERT INTO game.cliente (codigo,nif,nombre,apellido1,apellido2,ciudad,domicilio,fecha_nac,vip) VALUES
	 (741,'398200845','Gran','Budcock','Clardge','Bry-sur-Marne','18 Sycamore Lane','2001-04-25',0),
	 (742,'725354345','Serge','Crookston','Pruckner','Asikkala','54 Crownhardt Parkway','1986-04-04',0),
	 (743,'769364702','Tiphany','Kerins','Veazey','Porto Calvo','2 Ridgeview Circle','1999-12-20',1),
	 (744,'535027275','Rudd','Noods','Forst','Minzheng','5 Prentice Alley','1995-08-23',0),
	 (745,'428952656','Shamus','Bowry','Hugonet','Lolayan','0 Summerview Center','1999-11-30',1),
	 (746,'717306601','Blayne','Hiseman','Dalrymple','Nuwara Eliya','73629 Dottie Plaza','1998-04-29',1),
	 (747,'232114922','Galen','Chaffyn','Uden','Tungor','016 Pleasure Way','1995-10-02',0),
	 (748,'785773922','Averyl','Hawk','Tocqueville','Haridimun','0325 Morning Alley','1994-09-08',0),
	 (749,'893736206','Cora','Ungerecht','Henstridge','Hushan','7950 Troy Trail','1998-03-12',0),
	 (750,'784301093','Charlena','Mears','Upshall','Ogaminan','9466 Mendota Place','1995-06-29',1);
INSERT INTO game.cliente (codigo,nif,nombre,apellido1,apellido2,ciudad,domicilio,fecha_nac,vip) VALUES
	 (751,'321292184','Robers','Porte','Goodsir','Baldone','3018 Heffernan Road','1989-12-29',1),
	 (752,'954842822','Britni','Cocksedge','Maffione','Dhī Nā‘im','66 Loomis Lane','1991-06-01',1),
	 (753,'121354214','Filia','Stonebridge','Bembrick','Keratéa','07547 Burning Wood Lane','1991-11-08',0),
	 (754,'219560322','Brinna','Pankhurst.','Peile','Grzybowa Góra','42 Sachs Way','1996-05-09',0),
	 (755,'746888088','Jandy','Duchasteau','Warrick','Tapel','70605 Upham Road','1994-06-30',1),
	 (756,'939454949','Lindie','Krebs','Pitkeathly','Kajatian','310 Grayhawk Street','1994-06-14',0),
	 (757,'741338828','Storm','Gass','Evert','São Bento do Sul','5 Florence Crossing','1999-01-02',1),
	 (758,'428969826','Cassi','Capponer','Cockerham','Mangseng','98750 Bluestem Crossing','2000-12-01',1),
	 (759,'958887810','Jaquelin','Rickell','Dillinton','Ramat Yishay','0065 Birchwood Terrace','1994-12-26',0),
	 (760,'827185639','Ekaterina','Dowry','Snaith','Yixin','086 Sutteridge Park','1998-10-08',0);
INSERT INTO game.cliente (codigo,nif,nombre,apellido1,apellido2,ciudad,domicilio,fecha_nac,vip) VALUES
	 (761,'968886294','Vanessa','Laurenzi','Duckham','Ivanishchi','3615 Arizona Court','2001-01-05',1),
	 (762,'582323615','Barby','Adenet','Kirkbride','Margasana','375 Dennis Crossing','1989-09-18',0),
	 (763,'198663370','Katine','Leonida','Thurske','Yaviza','4 Union Point','1986-02-23',0),
	 (764,'845164207','Emalia','Blowen','Sheere','Longsheng','78647 Toban Point','1992-02-13',0),
	 (765,'901423739','Venus','Nelson','Lascelles','Pandean','33622 Northland Lane','1996-11-22',1),
	 (766,'559294816','Virgil','Gheorghe','Halvosen','Dongxiang','0 Fieldstone Way','1996-04-19',0),
	 (767,'323320803','Joachim','Mainds','Tull','Montesson','4923 Barnett Street','1986-03-02',0),
	 (768,'413774887','Iormina','Dunlop','Hawkyens','Il’ka','7 Lerdahl Avenue','1995-03-04',0),
	 (769,'447174454','Brendan','Korda','Haggata','Fais','30268 Vermont Road','1992-09-12',1),
	 (770,'872054441','Annis','Kitcat','Dantesia','Kizilyurt','06892 Mitchell Plaza','1986-04-06',0);
INSERT INTO game.cliente (codigo,nif,nombre,apellido1,apellido2,ciudad,domicilio,fecha_nac,vip) VALUES
	 (771,'555821347','Gnni','McKeeman','Kelner','Uluale','512 Judy Alley','1991-08-15',0),
	 (772,'882497915','Crissy','Walkley','Gerleit','Qobustan','6 Autumn Leaf Street','1998-09-18',1),
	 (773,'905809153','Dagmar','Lyffe','Treamayne','Minle','5 Spohn Place','1990-07-17',1),
	 (774,'365791516','Melony','Masser','Sloan','Brijest','519 Vermont Court','1999-07-16',1),
	 (775,'482693403','Nicolai','O''Haire','Beverage','Zhuangxing','4 Sycamore Way','1988-03-29',1),
	 (776,'988315084','Winnifred','Rowntree','Seage','Dzhankoy','68361 Montana Lane','1989-05-14',1),
	 (777,'880817554','Cole','Pineaux','Wilde','Hitachi-Naka','1 Hudson Circle','1993-12-10',0),
	 (778,'753434597','Bonny','Cobelli','Hillock','Niujiang','36 Eggendart Court','1989-10-04',1),
	 (779,'195149977','Toddy','Dutnall','Simonard','Tayāsīr','29 Namekagon Point','1995-09-04',1),
	 (780,'267050482','Paddie','Gauford','Briffett','Chang’an','5235 Northridge Center','1999-04-07',0);
INSERT INTO game.cliente (codigo,nif,nombre,apellido1,apellido2,ciudad,domicilio,fecha_nac,vip) VALUES
	 (781,'431131313','Deni','Spilstead','Khalid','Gråbo','0616 Commercial Way','1986-03-14',0),
	 (782,'601919877','Gertrudis','Lear','Bolte','Jacksonville','9 Brentwood Point','2001-02-14',1),
	 (783,'630674596','Reinwald','Fairleigh','Barstowk','Umeå','8003 Ryan Plaza','1999-04-20',0),
	 (784,'111670705','Newton','Thorley','Mahaddy','Tijucas','74 Lukken Lane','1990-07-17',0),
	 (785,'186551404','Theodor','Yakushkin','Errichi','Noyemberyan','31 Onsgard Park','1997-09-30',1),
	 (786,'852528281','Domini','Garmons','McGifford','Kilju','87 Blackbird Drive','1991-09-19',1),
	 (787,'611369498','Samara','Flay','Dimitriou','Fubei','46923 Harper Center','1998-12-30',0),
	 (788,'867193122','Cherilynn','Sorley','Harmant','Yanjiang','74 Bluejay Court','1994-02-12',1),
	 (789,'180439742','Alfonse','Duffrie','Fearick','Hønefoss','386 Fisk Park','1989-04-28',0),
	 (790,'698828814','Karen','Coppen','Scothorne','Pórto Chéli','4868 Ludington Point','1986-01-23',1);
INSERT INTO game.cliente (codigo,nif,nombre,apellido1,apellido2,ciudad,domicilio,fecha_nac,vip) VALUES
	 (791,'862641836','Randell','Plaice','Ponnsett','Pakapasan Ilir','8484 Starling Crossing','1986-09-18',1),
	 (792,'125062620','Pauly','Naire','Castaignet','Ḩuraytān','8 Hazelcrest Trail','1987-01-29',1),
	 (793,'913250493','Kaylee','Arnaudet','Malpas','Narsaq','95045 Union Street','1995-04-20',0),
	 (794,'669213637','Manny','Flattman','Olivella','Pakxong','099 Sycamore Place','1995-04-14',0),
	 (795,'853075171','Bobbye','Emson','Penning','Yasenevo','6 Delladonna Court','1990-10-01',1),
	 (796,'244897658','Che','Worling','Bagshawe','Uniejów','6727 Amoth Pass','2000-06-26',1),
	 (797,'556773870','Mariska','Marishenko','Graffham','Upata','1826 Dakota Road','1994-06-24',1),
	 (798,'399446279','Margaret','Deetch','Duffil','Preobrazhenka','847 Spohn Alley','2000-07-23',0),
	 (799,'319828661','Marita','Upham','Kelsow','Guariba','7 Russell Center','2000-04-21',0),
	 (800,'751644953','Brett','Comins','Leggis','Tuamese','2 Emmet Pass','2000-04-03',1);
INSERT INTO game.cliente (codigo,nif,nombre,apellido1,apellido2,ciudad,domicilio,fecha_nac,vip) VALUES
	 (801,'776370305','Hillel','Enser','Farthin','Yur’yev-Pol’skiy','150 Dryden Street','1986-12-12',1),
	 (802,'481013951','Barbaraanne','Wones','Minifie','Tamianglayang','7 Columbus Plaza','1985-09-30',0),
	 (803,'798188481','Gauthier','Orring','Manlow','Saint-Jean-de-Monts','5 Service Street','1989-03-02',0),
	 (804,'867996866','Harriott','Akister','Fripp','Myasnikyan','18 Almo Pass','1986-12-19',1),
	 (805,'379580283','Phillida','Betje','Van','Sidi Bouzid','50 Autumn Leaf Street','1990-08-26',1),
	 (806,'370631735','Cathie','Waddicor','Eyres','Korotych','84 Fuller Pass','1996-08-05',1),
	 (807,'618893798','Paxon','Bartomeu','Tellenbroker','Oslo','04 Sunfield Hill','1994-10-25',1),
	 (808,'376587297','Etti','Atcherley','Gerauld','Gandzak','74 Artisan Circle','1997-06-20',0),
	 (809,'350127147','Anatole','Menel','Castletine','Vítkov','1 Green Pass','1995-11-03',1),
	 (810,'707240526','Raina','Sibson','Giannini','Kongjiang','98990 Homewood Terrace','1993-03-04',0);
INSERT INTO game.cliente (codigo,nif,nombre,apellido1,apellido2,ciudad,domicilio,fecha_nac,vip) VALUES
	 (811,'285932831','Angy','Westphalen','Buntain','Talavera','76421 Hollow Ridge Parkway','1989-04-13',1),
	 (812,'719622469','Charil','Coulbeck','Foucher','Anjiang','8498 Vera Center','1994-03-04',0),
	 (813,'276861049','King','Wabersich','Fortnam','Renko','831 Daystar Point','1997-10-12',1),
	 (814,'994674147','Bartholomeus','Crosfeld','Lamberto','Thị Trấn Tà Lùng','7 Manley Junction','1989-06-20',0),
	 (815,'817739463','Derrek','Stave','Dunbleton','Lazaro Cardenas','54079 Del Sol Center','1992-03-13',1),
	 (816,'317754316','Malynda','McEniry','Torel','Novyy Oskol','845 Kedzie Lane','1990-11-20',1),
	 (817,'644318490','Jeffrey','Linzee','Dykins','Noenoni','6 Clove Place','1998-12-05',0),
	 (818,'419835145','Chrystel','Pook','Brogden','Resende','1291 Clarendon Plaza','1992-02-11',1),
	 (819,'655390139','Gretal','Patifield','Sogg','Cuauhtemoc','1 Logan Park','1986-09-26',0),
	 (820,'565435040','Noami','McPeck','Shovelton','Honolulu','5980 Weeping Birch Court','1996-10-03',0);
INSERT INTO game.cliente (codigo,nif,nombre,apellido1,apellido2,ciudad,domicilio,fecha_nac,vip) VALUES
	 (821,'387918900','Raquel','Pleuman','Vaux','Jurva','5 Mesta Road','1994-07-06',1),
	 (822,'781531366','Kris','Haversham','Ballin','Izumo','97025 1st Circle','1990-07-14',0),
	 (823,'423307209','Modestia','Eseler','Scraney','Huangyang','2 Glacier Hill Circle','1997-12-03',0),
	 (824,'117924419','Theresa','Jackalin','Mold','Xiaochuan','50267 Golf View Way','1985-07-25',0),
	 (825,'858812939','Heidie','Melesk','Abbet','Guinabsan','968 Ohio Drive','1994-11-19',0),
	 (826,'544948084','Zeke','Chainey','Bebbell','Ponta Grossa','61 Old Shore Trail','1995-03-15',0),
	 (827,'451023970','Vida','Gascoigne','Rouby','Bangekdewa','963 Nelson Court','1992-09-22',0),
	 (828,'223882707','Iggie','Riccione','Cheesman','Alagoa Grande','145 Crownhardt Way','1991-11-14',1),
	 (829,'294505667','Randell','Weagener','Ronald','Dongguang','61 Vernon Terrace','1988-07-13',0),
	 (830,'298731695','Rolland','Douglas','Benley','Paris 18','59985 Del Sol Alley','1990-12-09',0);
INSERT INTO game.cliente (codigo,nif,nombre,apellido1,apellido2,ciudad,domicilio,fecha_nac,vip) VALUES
	 (831,'640339161','Cordey','Lamplough','Kinney','Banaba','0966 Sheridan Pass','1995-01-15',0),
	 (832,'827335686','Dulcine','O''Dooghaine','McGiven','Bagadó','298 Bunker Hill Crossing','1985-06-14',1),
	 (833,'390065584','Ibbie','Shawcroft','Burdoun','Castries','3 Porter Circle','1993-07-20',1),
	 (834,'821617285','Trever','Ca','Slade','Remiremont','8047 Oriole Place','1997-06-07',1),
	 (835,'505041547','Estele','Lycett','Hodgin','Dungon','4 Amoth Junction','1996-09-03',0),
	 (836,'426573000','Rinaldo','De Meis','Ledbury','Bakersfield','5 Badeau Way','1986-10-09',1),
	 (837,'599895872','Cacilia','Thorpe','Parlot','Wakayama-shi','9 Bluejay Trail','1986-05-05',0),
	 (838,'707681639','Lacey','Spelwood','Teodori','Jampang Tengah','56341 Summerview Park','1988-04-14',1),
	 (839,'706874639','Chevalier','Faichney','Nanni','Bongued','37 Autumn Leaf Avenue','1991-08-11',1),
	 (840,'120025702','Margaretta','Brabin','Wintersgill','Tékane','64139 Jackson Alley','1991-02-16',0);
INSERT INTO game.cliente (codigo,nif,nombre,apellido1,apellido2,ciudad,domicilio,fecha_nac,vip) VALUES
	 (841,'958182302','Noll','Ashfull','Ondrus','Podedwórze','98650 Sundown Junction','1990-01-16',0),
	 (842,'763886166','Gwyn','MacCaughan','Windress','Pinheiral','156 Fulton Parkway','1987-03-08',0),
	 (843,'733825587','Gypsy','Stoffer','Muscroft','Lidingö','5 Arapahoe Lane','1989-01-01',0),
	 (844,'250231252','Karoly','Prettjohn','Clurow','Kizlyar','478 Oak Valley Plaza','1992-12-07',0),
	 (845,'854916049','Brynna','Buyers','Hovenden','Badar','5 Johnson Plaza','2001-04-07',0),
	 (846,'889185453','Zackariah','Coath','Jado','Karpokhórion','84579 Boyd Avenue','1990-08-16',1),
	 (847,'506886117','Tilly','Ox','Jaram','Panzhuang','494 Butternut Pass','1987-09-22',1),
	 (848,'615836146','Chariot','Bosward','Wenger','Yayao','56 Cascade Road','2000-09-04',1),
	 (849,'899113874','Brinna','Olerenshaw','Lambourn','Changleng','88 Hudson Parkway','1988-03-21',1),
	 (850,'517533066','Bar','Hallford','Bolin','Tieli','4 Old Gate Crossing','1987-12-29',1);
INSERT INTO game.cliente (codigo,nif,nombre,apellido1,apellido2,ciudad,domicilio,fecha_nac,vip) VALUES
	 (851,'731536022','Neile','Peasegod','Wordsworth','Widorokandang','35 Kipling Street','1987-02-18',1),
	 (852,'889575197','Glennie','Money','Privett','Wakkanai','9 Lakewood Gardens Drive','1997-01-14',0),
	 (853,'454372436','Allin','Showl','Mansell','Pontevedra','137 Ramsey Court','1997-05-22',0),
	 (854,'136268036','Huntlee','Pinfold','Corkan','Gagah','407 Lukken Place','1987-10-20',1),
	 (855,'283617560','Lacee','Todhunter','Maps','Stenungsund','65 Roth Avenue','1999-08-13',0),
	 (856,'998391812','Yard','Petrelli','Bruhke','Kallithéa','379 Parkside Place','1992-12-10',0),
	 (857,'328774684','Belicia','Shevelin','Lemmers','Mazār-e Sharīf','22730 Algoma Center','1993-08-22',0),
	 (858,'835800671','Oriana','Baseggio','Caffin','Vurğun','22215 Merchant Plaza','1991-06-22',1),
	 (859,'239503073','Lion','Zmitrichenko','Venart','Brejo Santo','49310 Arrowood Trail','1997-01-08',0),
	 (860,'269178638','Irv','O''Dyvoy','Veneur','Houston','9207 Park Meadow Parkway','1985-12-04',1);
INSERT INTO game.cliente (codigo,nif,nombre,apellido1,apellido2,ciudad,domicilio,fecha_nac,vip) VALUES
	 (861,'323828367','Barn','Passfield','Cradey','Sugiharjo','459 Packers Way','1993-08-01',0),
	 (862,'572665325','Maurizio','Cloney','Thorlby','Omsukchan','1092 Alpine Terrace','1996-10-27',1),
	 (863,'625463425','Roxanne','Andrzejak','Leale','Lubochnia','9579 Northland Park','1991-06-29',1),
	 (864,'899036995','Harley','Hanny','Klisch','Batal','8 Brown Court','1995-02-26',0),
	 (865,'337390429','Baron','Gecke','Yansons','Lyon','4107 Continental Park','1999-11-20',1),
	 (866,'925125142','Daryle','Budibent','Worgan','Boguszów-Gorce','9 Menomonie Way','1993-10-14',0),
	 (867,'475620075','Alistair','Thoms','Kennaird','El Charco','56 Colorado Lane','1985-04-22',0),
	 (868,'553612257','Rheta','Fullick','Simson','Langkapcaang Hilir','63 Grasskamp Street','2000-04-24',0),
	 (869,'275511975','Aldric','Ceschi','Mirando','Odiongan','8393 5th Hill','1997-07-14',1),
	 (870,'917900403','Maurizio','Devany','Shipley','Eido','351 Vernon Way','2001-09-09',0);
INSERT INTO game.cliente (codigo,nif,nombre,apellido1,apellido2,ciudad,domicilio,fecha_nac,vip) VALUES
	 (871,'145685742','Rois','Herreros','Corpes','Vila Franca de Xira','403 Garrison Alley','1989-12-05',1),
	 (872,'523507923','Johnathon','Crowder','Morales','Setro','9061 Summit Park','1996-01-20',0),
	 (873,'838479555','Basia','Strangward','Hovert','Shuangzhu','66 Oriole Plaza','1989-12-31',1),
	 (874,'785092489','Yevette','Mithun','Cranmere','Barreiros','88 Mallory Way','1999-05-12',1),
	 (875,'299555393','Jannelle','Disbrey','Doe','Mufushan','4 Monterey Road','1998-10-31',0),
	 (876,'655256381','Randene','Evensden','Lovstrom','Margacina','12309 David Hill','1994-12-11',0),
	 (877,'348914919','Emmy','Ramelot','Oneile','Jianggao','5 Westport Point','1989-07-18',1),
	 (878,'829771709','Doralyn','Ludgrove','Loudon','Thị Trấn Cao Lộc','4 Pepper Wood Trail','1987-07-11',0),
	 (879,'904883263','Josee','Genny','Greatrakes','San Miguel','829 Quincy Alley','1998-07-17',0),
	 (880,'669727357','Way','Tanswell','Franzetti','Pitogo','42 Petterle Circle','1988-10-22',1);
INSERT INTO game.cliente (codigo,nif,nombre,apellido1,apellido2,ciudad,domicilio,fecha_nac,vip) VALUES
	 (881,'106532512','Joice','Grazier','Cunney','Kolobovo','21 Hoard Drive','1995-10-10',1),
	 (882,'880778793','Wren','Loft','Loudyan','Pécs','75 School Lane','1999-11-14',1),
	 (883,'802564351','Brooke','Atthow','Joskovitch','Wapno','9 Ramsey Drive','1997-08-14',1),
	 (884,'504874761','Yevette','Skurray','Armin','Moutfort','0 Logan Court','1999-09-28',1),
	 (885,'254439000','Cammi','MacNamara','California','Villa de Soto','6 Westport Drive','1986-12-01',1),
	 (886,'398182567','Livy','Rogeon','Woolston','Graikochóri','759 Sommers Court','2001-05-02',0),
	 (887,'934862622','Hunt','Strickland','Crosi','Puerto Rico','6 Badeau Place','1992-08-17',1),
	 (888,'144411754','Aubree','Stevani','McIlenna','Klina','7909 Dahle Park','1993-05-03',1),
	 (889,'973957517','Dorene','Richens','Foli','Ngadri','7066 Blaine Point','1992-08-10',0),
	 (890,'931634514','Roselin','Lisle','Elderidge','La Ceja','75 Veith Pass','1993-08-12',0);
INSERT INTO game.cliente (codigo,nif,nombre,apellido1,apellido2,ciudad,domicilio,fecha_nac,vip) VALUES
	 (891,'534714450','Maribel','Ivantyev','Throughton','Illkirch-Graffenstaden','6989 Vermont Pass','1991-10-19',0),
	 (892,'435796225','Isis','Warboys','Wellen','Ciwaru','083 Mayfield Drive','1987-11-18',1),
	 (893,'835673645','Willis','Antuk','Hemphrey','Tengjia','0 Monument Center','1997-03-10',1),
	 (894,'585130753','Harriette','Cabrer','Cheney','Tyumen','12640 Katie Avenue','1994-09-05',1),
	 (895,'488443696','Alric','Roycraft','Lithgow','Nyagla','71510 Sauthoff Court','1986-08-26',1),
	 (896,'792073886','Kiley','Dancy','Ivermee','Mengdadazhuang','0 Prairieview Court','2000-10-04',1),
	 (897,'211093848','Ulrike','Christy','Davenall','Calais','3218 Truax Terrace','1989-04-30',0),
	 (898,'529580706','Tedie','Dalgarnocht','Pead','Nidri','0 Briar Crest Court','1999-08-25',0),
	 (899,'867300324','Graeme','Daspar','Gallone','Chaiyaphum','9197 Thompson Way','1996-10-31',1),
	 (900,'478995687','Rey','Hillett','Cromett','Xiejia','03801 Loftsgordon Center','1990-10-04',0);
INSERT INTO game.cliente (codigo,nif,nombre,apellido1,apellido2,ciudad,domicilio,fecha_nac,vip) VALUES
	 (901,'538551277','Othilia','Ronchka','Soles','Salcedo','64 Dawn Center','1995-04-03',1),
	 (902,'684768529','Bernadina','Bradborne','Garret','Sumurgung','9 Becker Parkway','1988-02-28',0),
	 (903,'346033522','Lucias','Girod','Waterhouse','Huangbu','89901 Crest Line Court','1988-08-10',0),
	 (904,'404250739','Keane','Petrillo','Vlies','Dieppe','85454 Arapahoe Court','2001-10-04',1),
	 (905,'343635132','Benyamin','Bleaden','Dullard','Gąsocin','8238 Dakota Avenue','1988-03-23',0),
	 (906,'942026373','Tracey','Hamflett','Muggach','Severka','5 Derek Court','1990-02-13',1),
	 (907,'972837458','Adrienne','Daw','Quartley','Lapinjärvi','65 5th Trail','1997-12-26',0),
	 (908,'525539546','Estel','McCudden','Balf','Châtellerault','5 Starling Street','1996-11-03',0),
	 (909,'302351597','Silvie','Faire','Henlon','Golug','5 Glacier Hill Avenue','1992-10-10',0),
	 (910,'581253090','Tybie','Tubbles','Brantzen','Smínthi','2 Boyd Road','1990-08-23',1);
INSERT INTO game.cliente (codigo,nif,nombre,apellido1,apellido2,ciudad,domicilio,fecha_nac,vip) VALUES
	 (911,'347694033','Glenine','Engall','Jaggard','La Palma','7325 Di Loreto Trail','1995-01-03',1),
	 (912,'431893226','Leodora','Cornelius','Earthfield','Mayapusi','35890 Karstens Way','1998-04-28',0),
	 (913,'751826819','Alfy','Daglish','Poveleye','Yangxunqiao','56 Grasskamp Place','2000-06-24',1),
	 (914,'204854048','Welsh','Kristof','Soar','Meizhuang','90 Rockefeller Alley','1992-11-11',1),
	 (915,'814363226','Garnette','Caller','Scotcher','Maralal','64727 Brown Alley','1998-08-16',1),
	 (916,'770366730','Moe','Fantham','Bouttell','Sasovo','682 Autumn Leaf Circle','1985-03-05',1),
	 (917,'910432346','Padget','Ranklin','Tompkinson','Qufu','62 Nobel Junction','1988-02-29',0),
	 (918,'866146505','Helsa','Morrall','Lucey','Concepción del Uruguay','0 Ohio Terrace','1987-07-01',1),
	 (919,'307324114','Leoine','Blankett','Izhaky','Kajiado','157 Kipling Crossing','1996-12-06',0),
	 (920,'164740206','Shelby','Riha','Hyslop','Krajan Kidul Rojopolo','1 Mallard Point','1990-02-22',0);
INSERT INTO game.cliente (codigo,nif,nombre,apellido1,apellido2,ciudad,domicilio,fecha_nac,vip) VALUES
	 (921,'674902365','Jaclyn','Gavey','Shayes','Umm Şalāl ‘Alī','9 Hauk Trail','1996-01-14',0),
	 (922,'518191331','Mignonne','Elsip','Youhill','Żarki','7 Carioca Parkway','1997-01-16',0),
	 (923,'363763447','Carlie','Albarez','Stockford','Khorramdarreh','1 Chive Parkway','2000-06-17',1),
	 (924,'843076614','Nerte','Blose','Nice','Dalu','3895 Myrtle Street','1987-02-23',1),
	 (925,'591830910','Chris','Duncombe','Kilcoyne','Ḩabīl al Jabr','5865 Jenifer Circle','1994-05-17',1),
	 (926,'419359957','Tomaso','Duffan','Dews','Brumado','398 Shoshone Center','1988-12-27',1),
	 (927,'382470337','Marietta','Lemm','Goulbourne','Slantsy','1 Thierer Parkway','1995-04-23',0),
	 (928,'571689765','Galen','Gahan','Bonefant','Duma','1036 Crescent Oaks Trail','1985-06-12',1),
	 (929,'281928529','Flore','Yelland','Balston','Yaogu','3501 Corry Place','1989-06-28',0),
	 (930,'793274986','Sax','Da Costa','Cottingham','Ngã Bảy','40 Crowley Avenue','1994-12-04',0);
INSERT INTO game.cliente (codigo,nif,nombre,apellido1,apellido2,ciudad,domicilio,fecha_nac,vip) VALUES
	 (931,'178049404','Anjanette','Plampeyn','Bernakiewicz','Austin','46 Spenser Road','1986-10-01',1),
	 (932,'462197012','Gifford','Maslin','Dyzart','Shupenzë','7 Meadow Valley Road','1991-08-21',1),
	 (933,'754166585','Suellen','Louder','Garbott','Hongping','82 Londonderry Court','1993-09-05',1),
	 (934,'862025148','Aliza','Donkersley','Riggert','Марино','509 Bartillon Lane','1988-11-15',0),
	 (935,'487153737','Christian','Ebbing','Manterfield','Purwosari','30505 Swallow Center','1987-02-13',0),
	 (936,'233752383','Lucina','Grisenthwaite','Krinks','Saint John','3204 Kinsman Alley','1991-12-28',1),
	 (937,'364736846','Giovanni','Purvis','Withams','Mealhada','7 Warbler Pass','1988-02-13',0),
	 (938,'127610234','Rad','Boys','Annes','Icononzo','39 4th Road','1990-07-20',1),
	 (939,'130295996','Ileane','Lambirth','Cannings','Longra','137 Luster Pass','1997-07-17',0),
	 (940,'674954428','Giffard','Sandyfirth','Pendlebury','Sterlitamak','12309 Barnett Center','1998-03-25',1);
INSERT INTO game.cliente (codigo,nif,nombre,apellido1,apellido2,ciudad,domicilio,fecha_nac,vip) VALUES
	 (941,'406887596','Debra','Stollwerck','Likely','Yelan’-Kolenovskiy','4029 Kenwood Point','1989-10-31',1),
	 (942,'462903846','Aubrette','Comiskey','Larciere','Volgograd','11 Bultman Park','1998-03-24',1),
	 (943,'672117283','Flin','Follos','Cunnah','Amarillo','5436 Carpenter Court','2001-06-21',0),
	 (944,'544799822','Milt','Birdseye','Benedicte','Telgawah','35076 Hallows Place','1988-12-05',1),
	 (945,'390635655','Ashly','Asbury','Raistrick','Horka nad Moravou','249 Gale Lane','1985-03-16',0),
	 (946,'112504061','Consuelo','Camillo','Longmate','Lawesigalagala Timur','221 Lakewood Gardens Avenue','1986-06-30',1),
	 (947,'100177049','Mahalia','Roswarn','Shayes','Tramandaí','65 2nd Plaza','1997-12-18',1),
	 (948,'172489521','Yardley','Rosa','O'' Cuolahan','Amuru','3 Killdeer Lane','1991-05-14',0),
	 (949,'845613131','Jinny','Bugdell','Crammy','Padas','69 Daystar Park','1985-08-26',0),
	 (950,'618151283','Katrine','Philcock','Isacoff','Chust Shahri','74 Talisman Alley','1990-02-23',1);
INSERT INTO game.cliente (codigo,nif,nombre,apellido1,apellido2,ciudad,domicilio,fecha_nac,vip) VALUES
	 (951,'836406040','Fredi','Currell','de Keyser','Mozelos','092 Ohio Court','2001-01-06',0),
	 (952,'252879240','Cirstoforo','Delahunty','McCleod','Huai Yot','9 Golden Leaf Court','2000-04-28',0),
	 (953,'117373712','Kenon','Muddimer','Nealon','Pakuwon','3510 Homewood Road','1998-07-17',1),
	 (954,'865711796','Sid','Schenfisch','Hitzschke','La Rioja','88399 Drewry Street','1996-09-23',0),
	 (955,'523677873','Mattheus','Laugharne','Sperry','Sangatta','8311 Bonner Plaza','1998-10-05',0),
	 (956,'478137370','Maximo','Yellowlea','Lorrimer','Litein','696 Loomis Alley','1991-11-03',0),
	 (957,'700452201','Jobyna','Capewell','Piers','Zumiao','974 Roth Junction','1988-10-23',0),
	 (958,'901745829','Taite','Paternoster','Blasing','Spodnja Hajdina','599 Village Crossing','2000-04-26',0),
	 (959,'193961325','Hetty','Casbolt','Pates','Aguitu','7 2nd Terrace','2001-01-13',0),
	 (960,'123336597','Heddie','Clementi','Durtnall','Tak','4 Crownhardt Parkway','1993-09-15',1);
INSERT INTO game.cliente (codigo,nif,nombre,apellido1,apellido2,ciudad,domicilio,fecha_nac,vip) VALUES
	 (961,'741769695','Hall','Lowdeane','Di Napoli','Pindushi','904 High Crossing Center','2000-09-21',1),
	 (962,'531659423','Alexis','Yakolev','Hecks','Onokivtsi','872 Farwell Junction','1993-07-24',0),
	 (963,'551205182','Thadeus','Freak','Philipart','Maungatapere','144 Lindbergh Road','1999-10-14',0),
	 (964,'301736172','Son','Dormon','Browne','Vaiusu','6 Northridge Hill','1987-05-08',0),
	 (965,'534307799','Ayn','Dowrey','Sego','København','8206 Oakridge Park','1985-03-11',1),
	 (966,'341372479','Jane','Gherardesci','Sphinxe','Mont-Saint-Aignan','5 Corry Lane','1995-02-09',0),
	 (967,'431143876','Lannie','Delgado','Janney','Ugbokpo','89642 Tennyson Alley','2000-06-12',0),
	 (968,'770393457','Nona','Kock','Mannock','Pochinok','8 Delladonna Street','1993-09-21',1),
	 (969,'876369899','Tulley','Learned','Gilroy','Apitong','1 Commercial Road','1989-09-11',1),
	 (970,'969376272','Rollo','Yetman','Henlon','Gagnoa','070 Nevada Crossing','1997-02-18',0);
INSERT INTO game.cliente (codigo,nif,nombre,apellido1,apellido2,ciudad,domicilio,fecha_nac,vip) VALUES
	 (971,'916298671','Cilka','Sanbroke','Woolpert','Paris 18','908 Bashford Trail','1993-11-29',1),
	 (972,'276015113','Cordula','Walwood','Cole','Sibulan','99 Morning Crossing','1993-11-28',0),
	 (973,'121699606','Rivalee','Scollick','Prestedge','Huifa','63871 Dapin Crossing','1989-05-16',1),
	 (974,'795081586','Elmer','Waterhowse','Lundie','Santa Monica','79511 Petterle Parkway','1999-12-18',1),
	 (975,'841624066','Jessie','Jennery','Claasen','Nevers','5 Doe Crossing Way','1990-08-23',0),
	 (976,'119266821','Selena','Kornyakov','Juhruke','Axioúpoli','04 Glacier Hill Point','1987-09-23',0),
	 (977,'897409645','Ivette','De''Ath','Ruhben','Qingqu','8 Morrow Place','1989-03-16',1),
	 (978,'440420321','Spense','Kyston','Bortoli','Bibrka','10 Petterle Lane','1997-10-17',1),
	 (979,'531645991','Andrew','Blazic','De Winton','Longfengba','36406 Kings Street','1995-03-27',0),
	 (980,'551247912','Rosaline','Latimer','Hebblewaite','Ituberá','7 Beilfuss Alley','1999-12-23',1);
INSERT INTO game.cliente (codigo,nif,nombre,apellido1,apellido2,ciudad,domicilio,fecha_nac,vip) VALUES
	 (981,'432506219','Phil','De Andisie','Ozelton','Căuşeni','2136 Lawn Drive','1986-02-21',1),
	 (982,'678458955','Amaleta','Charker','Whyteman','Munduk','8350 Ramsey Terrace','1989-07-27',0),
	 (983,'569423467','Valentino','Ziems','Cossam','Aoyang','617 Little Fleur Avenue','1993-10-28',0),
	 (984,'597755095','Dulciana','Staig','Willetts','Longgang','4 Waywood Drive','1994-07-30',1),
	 (985,'578267161','Isiahi','Kenen','Ganning','Kalān Deh','28729 Gale Hill','1994-02-01',1),
	 (986,'822781203','Cobb','Lowle','Guppy','Grenoble','54693 Jenna Avenue','1987-11-27',0),
	 (987,'112594122','Tamara','Otteridge','Perrins','Daxin','61 Troy Circle','1992-10-10',1),
	 (988,'993607860','Dulsea','Blamphin','Robe','Puerto Berrío','61 Nancy Pass','1989-09-19',1),
	 (989,'394906159','Estell','Presnail','Messum','Staroderevyankovskaya','5337 Elmside Road','1988-01-29',0),
	 (990,'976784924','Christiano','Matteacci','Buzin','Roma','16962 Fulton Road','1994-11-02',1);
INSERT INTO game.cliente (codigo,nif,nombre,apellido1,apellido2,ciudad,domicilio,fecha_nac,vip) VALUES
	 (991,'771287803','Daren','Robatham','Gilburt','Pukou','21268 Warbler Center','2001-10-26',0),
	 (992,'434551682','Dorey','Muston','Folker','Ash Shaḩānīyah','12222 Sugar Hill','1993-05-06',0),
	 (993,'191507543','Jedd','Lecky','Cuffley','Guan’e','46 Barnett Street','1994-04-04',0),
	 (994,'303953055','Lethia','Haskett','Bruckner','Shënmëri','9983 Paget Street','1988-06-16',0),
	 (995,'674322445','Son','Jestico','Caville','Shani','95 Anzinger Park','1991-08-31',0),
	 (996,'396042699','Dalli','Snasel','Sillito','Bratsigovo','0 Sauthoff Way','1989-05-30',0),
	 (997,'105382042','Vilhelmina','Luxton','Dewer','Doña Remedios Trinidad','7649 Sutherland Pass','1989-02-20',1),
	 (998,'831292509','Natalie','Mc Carroll','Smithson','Rathdrum','39 Stephen Terrace','1989-07-25',1),
	 (999,'481719176','Clem','Busst','Stow','Campo Formoso','477 Lindbergh Way','1995-12-08',0),
	 (1000,'190891357','Tamar','Scrimgeour','Pickard','Dobra','64 Fallview Alley','1992-08-06',1);

-- pedido
INSERT INTO game.pedido (codigo,codigo_cliente,codigo_tienda) VALUES
	 (1,1,2),
	 (2,2,1),
	 (3,8,6),
	 (4,4,4),
	 (5,3,3),
	 (6,7,5),
	 (7,9,7),
	 (8,5,2),
	 (9,6,1),
	 (10,14,6);
INSERT INTO game.pedido (codigo,codigo_cliente,codigo_tienda) VALUES
	 (11,11,4),
	 (12,10,3),
	 (13,13,5),
	 (14,12,7),
	 (15,21,2),
	 (16,25,1),
	 (17,18,6),
	 (18,42,4),
	 (19,61,3),
	 (20,50,5);
INSERT INTO game.pedido (codigo,codigo_cliente,codigo_tienda) VALUES
	 (21,20,7),
	 (22,28,2),
	 (23,30,1),
	 (24,92,6),
	 (25,54,4),
	 (26,72,3),
	 (27,15,5),
	 (28,17,7),
	 (29,950,2),
	 (30,100,1);
INSERT INTO game.pedido (codigo,codigo_cliente,codigo_tienda) VALUES
	 (31,255,6),
	 (32,300,4),
	 (33,400,3),
	 (34,510,5),
	 (35,650,7);

-- producto_tienda
INSERT INTO game.producto_tienda (codigo_producto,codigo_tienda,cantidad) VALUES
	 (1,1,50),
	 (2,1,45),
	 (3,1,65),
	 (6,3,45),
	 (7,3,40),
	 (8,5,100),
	 (9,5,65),
	 (10,5,55),
	 (11,2,70),
	 (12,2,30);
INSERT INTO game.producto_tienda (codigo_producto,codigo_tienda,cantidad) VALUES
	 (13,4,85),
	 (14,4,80),
	 (18,7,50),
	 (20,7,65),
	 (21,7,40),
	 (22,4,90),
	 (24,3,50),
	 (27,6,35),
	 (28,2,75),
	 (29,6,30);
	 (30,6,40);

-- producto_pedido
INSERT INTO game.producto_pedido (codigo_producto,codigo_pedido,cantidad) VALUES
	 (1,10,3),
	 (6,1,1),
	 (7,1,2),
	 (9,8,5),
	 (10,3,3),
	 (14,5,3),
	 (18,2,3),
	 (21,7,20),
	 (22,6,2),
	 (24,1,1);
	 (27,9,2),
	 (28,4,3),
	 (29,2,3);
